"BLOCK_ID","ASSET_TYPE","STRIPE_ID","ROW_START","ROW_END","NROWS","NCOLS","SOURCE_ID","RELATIVE_PATH","SIZE_BYTES","REMOTE_URL"
"BLOCK_001","hydrography",NA,NA,NA,NA,NA,"SOURCE_1","core/BLOCK_001/hydrography_block.gpkg",20086784,""
"BLOCK_001","index_metadata",NA,NA,NA,NA,NA,"SOURCE_1","core/BLOCK_001/index/index_metadata.rds",1353,""
"BLOCK_001","reverse",1,1,256,256,25200,"SOURCE_1","core/BLOCK_001/index/reverse_stripes/reverse_00001.tif",2067984,""
"BLOCK_001","reverse",2,257,512,256,25200,"SOURCE_1","core/BLOCK_001/index/reverse_stripes/reverse_00002.tif",2067766,""
"BLOCK_001","reverse",3,513,768,256,25200,"SOURCE_1","core/BLOCK_001/index/reverse_stripes/reverse_00003.tif",2067384,""
"BLOCK_001","reverse",4,769,1024,256,25200,"SOURCE_1","core/BLOCK_001/index/reverse_stripes/reverse_00004.tif",2067664,""
"BLOCK_001","reverse",5,1025,1280,256,25200,"SOURCE_1","core/BLOCK_001/index/reverse_stripes/reverse_00005.tif",2067072,""
"BLOCK_001","reverse",6,1281,1536,256,25200,"SOURCE_1","core/BLOCK_001/index/reverse_stripes/reverse_00006.tif",2079282,""
"BLOCK_001","reverse",7,1537,1792,256,25200,"SOURCE_1","core/BLOCK_001/index/reverse_stripes/reverse_00007.tif",2079514,""
"BLOCK_001","reverse",8,1793,2048,256,25200,"SOURCE_1","core/BLOCK_001/index/reverse_stripes/reverse_00008.tif",2084238,""
"BLOCK_001","reverse",9,2049,2304,256,25200,"SOURCE_1","core/BLOCK_001/index/reverse_stripes/reverse_00009.tif",2082682,""
"BLOCK_001","reverse",10,2305,2560,256,25200,"SOURCE_1","core/BLOCK_001/index/reverse_stripes/reverse_00010.tif",2076504,""
"BLOCK_001","reverse",11,2561,2816,256,25200,"SOURCE_1","core/BLOCK_001/index/reverse_stripes/reverse_00011.tif",2089468,""
"BLOCK_001","reverse",12,2817,3072,256,25200,"SOURCE_1","core/BLOCK_001/index/reverse_stripes/reverse_00012.tif",2062712,""
"BLOCK_001","reverse",13,3073,3328,256,25200,"SOURCE_1","core/BLOCK_001/index/reverse_stripes/reverse_00013.tif",2039848,""
"BLOCK_001","reverse",14,3329,3584,256,25200,"SOURCE_1","core/BLOCK_001/index/reverse_stripes/reverse_00014.tif",2016000,""
"BLOCK_001","reverse",15,3585,3840,256,25200,"SOURCE_1","core/BLOCK_001/index/reverse_stripes/reverse_00015.tif",2757102,""
"BLOCK_001","reverse",16,3841,4096,256,25200,"SOURCE_1","core/BLOCK_001/index/reverse_stripes/reverse_00016.tif",2835450,""
"BLOCK_001","reverse",17,4097,4352,256,25200,"SOURCE_1","core/BLOCK_001/index/reverse_stripes/reverse_00017.tif",2837448,""
"BLOCK_001","reverse",18,4353,4608,256,25200,"SOURCE_1","core/BLOCK_001/index/reverse_stripes/reverse_00018.tif",2830050,""
"BLOCK_001","reverse",19,4609,4864,256,25200,"SOURCE_1","core/BLOCK_001/index/reverse_stripes/reverse_00019.tif",2817578,""
"BLOCK_001","reverse",20,4865,5120,256,25200,"SOURCE_1","core/BLOCK_001/index/reverse_stripes/reverse_00020.tif",2854692,""
"BLOCK_001","reverse",21,5121,5376,256,25200,"SOURCE_1","core/BLOCK_001/index/reverse_stripes/reverse_00021.tif",2833186,""
"BLOCK_001","reverse",22,5377,5632,256,25200,"SOURCE_1","core/BLOCK_001/index/reverse_stripes/reverse_00022.tif",2846288,""
"BLOCK_001","reverse",23,5633,5888,256,25200,"SOURCE_1","core/BLOCK_001/index/reverse_stripes/reverse_00023.tif",2841692,""
"BLOCK_001","reverse",24,5889,6144,256,25200,"SOURCE_1","core/BLOCK_001/index/reverse_stripes/reverse_00024.tif",2870440,""
"BLOCK_001","reverse",25,6145,6400,256,25200,"SOURCE_1","core/BLOCK_001/index/reverse_stripes/reverse_00025.tif",2877420,""
"BLOCK_001","reverse",26,6401,6656,256,25200,"SOURCE_1","core/BLOCK_001/index/reverse_stripes/reverse_00026.tif",2855736,""
"BLOCK_001","reverse",27,6657,6912,256,25200,"SOURCE_1","core/BLOCK_001/index/reverse_stripes/reverse_00027.tif",2844354,""
"BLOCK_001","reverse",28,6913,7168,256,25200,"SOURCE_1","core/BLOCK_001/index/reverse_stripes/reverse_00028.tif",2813430,""
"BLOCK_001","reverse",29,7169,7424,256,25200,"SOURCE_1","core/BLOCK_001/index/reverse_stripes/reverse_00029.tif",2441530,""
"BLOCK_001","reverse",30,7425,7680,256,25200,"SOURCE_1","core/BLOCK_001/index/reverse_stripes/reverse_00030.tif",2411488,""
"BLOCK_001","reverse",31,7681,7936,256,25200,"SOURCE_1","core/BLOCK_001/index/reverse_stripes/reverse_00031.tif",2411370,""
"BLOCK_001","reverse",32,7937,8192,256,25200,"SOURCE_1","core/BLOCK_001/index/reverse_stripes/reverse_00032.tif",2351022,""
"BLOCK_001","reverse",33,8193,8448,256,25200,"SOURCE_1","core/BLOCK_001/index/reverse_stripes/reverse_00033.tif",2348642,""
"BLOCK_001","reverse",34,8449,8704,256,25200,"SOURCE_1","core/BLOCK_001/index/reverse_stripes/reverse_00034.tif",2305714,""
"BLOCK_001","reverse",35,8705,8960,256,25200,"SOURCE_1","core/BLOCK_001/index/reverse_stripes/reverse_00035.tif",2286338,""
"BLOCK_001","reverse",36,8961,9216,256,25200,"SOURCE_1","core/BLOCK_001/index/reverse_stripes/reverse_00036.tif",2265194,""
"BLOCK_001","reverse",37,9217,9472,256,25200,"SOURCE_1","core/BLOCK_001/index/reverse_stripes/reverse_00037.tif",2239142,""
"BLOCK_001","reverse",38,9473,9728,256,25200,"SOURCE_1","core/BLOCK_001/index/reverse_stripes/reverse_00038.tif",2228950,""
"BLOCK_001","reverse",39,9729,9984,256,25200,"SOURCE_1","core/BLOCK_001/index/reverse_stripes/reverse_00039.tif",2199410,""
"BLOCK_001","reverse",40,9985,10240,256,25200,"SOURCE_1","core/BLOCK_001/index/reverse_stripes/reverse_00040.tif",2197058,""
"BLOCK_001","reverse",41,10241,10496,256,25200,"SOURCE_1","core/BLOCK_001/index/reverse_stripes/reverse_00041.tif",2151860,""
"BLOCK_001","reverse",42,10497,10752,256,25200,"SOURCE_1","core/BLOCK_001/index/reverse_stripes/reverse_00042.tif",2133534,""
"BLOCK_001","reverse",43,10753,11008,256,25200,"SOURCE_1","core/BLOCK_001/index/reverse_stripes/reverse_00043.tif",1630386,""
"BLOCK_001","reverse",44,11009,11264,256,25200,"SOURCE_1","core/BLOCK_001/index/reverse_stripes/reverse_00044.tif",1472090,""
"BLOCK_001","reverse",45,11265,11520,256,25200,"SOURCE_1","core/BLOCK_001/index/reverse_stripes/reverse_00045.tif",1461494,""
"BLOCK_001","reverse",46,11521,11776,256,25200,"SOURCE_1","core/BLOCK_001/index/reverse_stripes/reverse_00046.tif",1464086,""
"BLOCK_001","reverse",47,11777,12032,256,25200,"SOURCE_1","core/BLOCK_001/index/reverse_stripes/reverse_00047.tif",1462644,""
"BLOCK_001","reverse",48,12033,12288,256,25200,"SOURCE_1","core/BLOCK_001/index/reverse_stripes/reverse_00048.tif",1431128,""
"BLOCK_001","reverse",49,12289,12544,256,25200,"SOURCE_1","core/BLOCK_001/index/reverse_stripes/reverse_00049.tif",1427512,""
"BLOCK_001","reverse",50,12545,12800,256,25200,"SOURCE_1","core/BLOCK_001/index/reverse_stripes/reverse_00050.tif",1409790,""
"BLOCK_001","reverse",51,12801,13056,256,25200,"SOURCE_1","core/BLOCK_001/index/reverse_stripes/reverse_00051.tif",1373944,""
"BLOCK_001","reverse",52,13057,13312,256,25200,"SOURCE_1","core/BLOCK_001/index/reverse_stripes/reverse_00052.tif",1339230,""
"BLOCK_001","reverse",53,13313,13568,256,25200,"SOURCE_1","core/BLOCK_001/index/reverse_stripes/reverse_00053.tif",1335354,""
"BLOCK_001","reverse",54,13569,13824,256,25200,"SOURCE_1","core/BLOCK_001/index/reverse_stripes/reverse_00054.tif",1306872,""
"BLOCK_001","reverse",55,13825,14080,256,25200,"SOURCE_1","core/BLOCK_001/index/reverse_stripes/reverse_00055.tif",1309618,""
"BLOCK_001","reverse",56,14081,14336,256,25200,"SOURCE_1","core/BLOCK_001/index/reverse_stripes/reverse_00056.tif",1305742,""
"BLOCK_001","reverse",57,14337,14592,256,25200,"SOURCE_1","core/BLOCK_001/index/reverse_stripes/reverse_00057.tif",1076692,""
"BLOCK_001","reverse",58,14593,14848,256,25200,"SOURCE_1","core/BLOCK_001/index/reverse_stripes/reverse_00058.tif",995786,""
"BLOCK_001","reverse",59,14849,15104,256,25200,"SOURCE_1","core/BLOCK_001/index/reverse_stripes/reverse_00059.tif",970720,""
"BLOCK_001","reverse",60,15105,15360,256,25200,"SOURCE_1","core/BLOCK_001/index/reverse_stripes/reverse_00060.tif",962488,""
"BLOCK_001","reverse",61,15361,15616,256,25200,"SOURCE_1","core/BLOCK_001/index/reverse_stripes/reverse_00061.tif",953734,""
"BLOCK_001","reverse",62,15617,15872,256,25200,"SOURCE_1","core/BLOCK_001/index/reverse_stripes/reverse_00062.tif",948948,""
"BLOCK_001","reverse",63,15873,16128,256,25200,"SOURCE_1","core/BLOCK_001/index/reverse_stripes/reverse_00063.tif",940478,""
"BLOCK_001","reverse",64,16129,16384,256,25200,"SOURCE_1","core/BLOCK_001/index/reverse_stripes/reverse_00064.tif",938578,""
"BLOCK_001","reverse",65,16385,16640,256,25200,"SOURCE_1","core/BLOCK_001/index/reverse_stripes/reverse_00065.tif",940312,""
"BLOCK_001","reverse",66,16641,16896,256,25200,"SOURCE_1","core/BLOCK_001/index/reverse_stripes/reverse_00066.tif",966842,""
"BLOCK_001","reverse",67,16897,17152,256,25200,"SOURCE_1","core/BLOCK_001/index/reverse_stripes/reverse_00067.tif",953370,""
"BLOCK_001","reverse",68,17153,17408,256,25200,"SOURCE_1","core/BLOCK_001/index/reverse_stripes/reverse_00068.tif",933494,""
"BLOCK_001","reverse",69,17409,17664,256,25200,"SOURCE_1","core/BLOCK_001/index/reverse_stripes/reverse_00069.tif",931762,""
"BLOCK_001","reverse",70,17665,17920,256,25200,"SOURCE_1","core/BLOCK_001/index/reverse_stripes/reverse_00070.tif",902766,""
"BLOCK_001","reverse",71,17921,18000,80,25200,"SOURCE_1","core/BLOCK_001/index/reverse_stripes/reverse_00071.tif",307754,""
"BLOCK_001","run_info",NA,NA,NA,NA,NA,"SOURCE_1","core/BLOCK_001/run_info.csv",1244,""
"BLOCK_001","stream",1,1,256,256,25200,"SOURCE_1","core/BLOCK_001/index/stream_stripes/stream_00001.tif",47860,""
"BLOCK_001","stream",2,257,512,256,25200,"SOURCE_1","core/BLOCK_001/index/stream_stripes/stream_00002.tif",53022,""
"BLOCK_001","stream",3,513,768,256,25200,"SOURCE_1","core/BLOCK_001/index/stream_stripes/stream_00003.tif",48042,""
"BLOCK_001","stream",4,769,1024,256,25200,"SOURCE_1","core/BLOCK_001/index/stream_stripes/stream_00004.tif",53148,""
"BLOCK_001","stream",5,1025,1280,256,25200,"SOURCE_1","core/BLOCK_001/index/stream_stripes/stream_00005.tif",51614,""
"BLOCK_001","stream",6,1281,1536,256,25200,"SOURCE_1","core/BLOCK_001/index/stream_stripes/stream_00006.tif",50692,""
"BLOCK_001","stream",7,1537,1792,256,25200,"SOURCE_1","core/BLOCK_001/index/stream_stripes/stream_00007.tif",47124,""
"BLOCK_001","stream",8,1793,2048,256,25200,"SOURCE_1","core/BLOCK_001/index/stream_stripes/stream_00008.tif",49068,""
"BLOCK_001","stream",9,2049,2304,256,25200,"SOURCE_1","core/BLOCK_001/index/stream_stripes/stream_00009.tif",45480,""
"BLOCK_001","stream",10,2305,2560,256,25200,"SOURCE_1","core/BLOCK_001/index/stream_stripes/stream_00010.tif",52934,""
"BLOCK_001","stream",11,2561,2816,256,25200,"SOURCE_1","core/BLOCK_001/index/stream_stripes/stream_00011.tif",48952,""
"BLOCK_001","stream",12,2817,3072,256,25200,"SOURCE_1","core/BLOCK_001/index/stream_stripes/stream_00012.tif",50294,""
"BLOCK_001","stream",13,3073,3328,256,25200,"SOURCE_1","core/BLOCK_001/index/stream_stripes/stream_00013.tif",50582,""
"BLOCK_001","stream",14,3329,3584,256,25200,"SOURCE_1","core/BLOCK_001/index/stream_stripes/stream_00014.tif",47042,""
"BLOCK_001","stream",15,3585,3840,256,25200,"SOURCE_1","core/BLOCK_001/index/stream_stripes/stream_00015.tif",70204,""
"BLOCK_001","stream",16,3841,4096,256,25200,"SOURCE_1","core/BLOCK_001/index/stream_stripes/stream_00016.tif",67224,""
"BLOCK_001","stream",17,4097,4352,256,25200,"SOURCE_1","core/BLOCK_001/index/stream_stripes/stream_00017.tif",60430,""
"BLOCK_001","stream",18,4353,4608,256,25200,"SOURCE_1","core/BLOCK_001/index/stream_stripes/stream_00018.tif",68580,""
"BLOCK_001","stream",19,4609,4864,256,25200,"SOURCE_1","core/BLOCK_001/index/stream_stripes/stream_00019.tif",71904,""
"BLOCK_001","stream",20,4865,5120,256,25200,"SOURCE_1","core/BLOCK_001/index/stream_stripes/stream_00020.tif",67166,""
"BLOCK_001","stream",21,5121,5376,256,25200,"SOURCE_1","core/BLOCK_001/index/stream_stripes/stream_00021.tif",70330,""
"BLOCK_001","stream",22,5377,5632,256,25200,"SOURCE_1","core/BLOCK_001/index/stream_stripes/stream_00022.tif",62020,""
"BLOCK_001","stream",23,5633,5888,256,25200,"SOURCE_1","core/BLOCK_001/index/stream_stripes/stream_00023.tif",72298,""
"BLOCK_001","stream",24,5889,6144,256,25200,"SOURCE_1","core/BLOCK_001/index/stream_stripes/stream_00024.tif",67080,""
"BLOCK_001","stream",25,6145,6400,256,25200,"SOURCE_1","core/BLOCK_001/index/stream_stripes/stream_00025.tif",62038,""
"BLOCK_001","stream",26,6401,6656,256,25200,"SOURCE_1","core/BLOCK_001/index/stream_stripes/stream_00026.tif",71002,""
"BLOCK_001","stream",27,6657,6912,256,25200,"SOURCE_1","core/BLOCK_001/index/stream_stripes/stream_00027.tif",71916,""
"BLOCK_001","stream",28,6913,7168,256,25200,"SOURCE_1","core/BLOCK_001/index/stream_stripes/stream_00028.tif",65098,""
"BLOCK_001","stream",29,7169,7424,256,25200,"SOURCE_1","core/BLOCK_001/index/stream_stripes/stream_00029.tif",59212,""
"BLOCK_001","stream",30,7425,7680,256,25200,"SOURCE_1","core/BLOCK_001/index/stream_stripes/stream_00030.tif",56288,""
"BLOCK_001","stream",31,7681,7936,256,25200,"SOURCE_1","core/BLOCK_001/index/stream_stripes/stream_00031.tif",57976,""
"BLOCK_001","stream",32,7937,8192,256,25200,"SOURCE_1","core/BLOCK_001/index/stream_stripes/stream_00032.tif",58082,""
"BLOCK_001","stream",33,8193,8448,256,25200,"SOURCE_1","core/BLOCK_001/index/stream_stripes/stream_00033.tif",58924,""
"BLOCK_001","stream",34,8449,8704,256,25200,"SOURCE_1","core/BLOCK_001/index/stream_stripes/stream_00034.tif",61030,""
"BLOCK_001","stream",35,8705,8960,256,25200,"SOURCE_1","core/BLOCK_001/index/stream_stripes/stream_00035.tif",60644,""
"BLOCK_001","stream",36,8961,9216,256,25200,"SOURCE_1","core/BLOCK_001/index/stream_stripes/stream_00036.tif",62274,""
"BLOCK_001","stream",37,9217,9472,256,25200,"SOURCE_1","core/BLOCK_001/index/stream_stripes/stream_00037.tif",67344,""
"BLOCK_001","stream",38,9473,9728,256,25200,"SOURCE_1","core/BLOCK_001/index/stream_stripes/stream_00038.tif",63388,""
"BLOCK_001","stream",39,9729,9984,256,25200,"SOURCE_1","core/BLOCK_001/index/stream_stripes/stream_00039.tif",62330,""
"BLOCK_001","stream",40,9985,10240,256,25200,"SOURCE_1","core/BLOCK_001/index/stream_stripes/stream_00040.tif",63230,""
"BLOCK_001","stream",41,10241,10496,256,25200,"SOURCE_1","core/BLOCK_001/index/stream_stripes/stream_00041.tif",62936,""
"BLOCK_001","stream",42,10497,10752,256,25200,"SOURCE_1","core/BLOCK_001/index/stream_stripes/stream_00042.tif",59778,""
"BLOCK_001","stream",43,10753,11008,256,25200,"SOURCE_1","core/BLOCK_001/index/stream_stripes/stream_00043.tif",50880,""
"BLOCK_001","stream",44,11009,11264,256,25200,"SOURCE_1","core/BLOCK_001/index/stream_stripes/stream_00044.tif",44926,""
"BLOCK_001","stream",45,11265,11520,256,25200,"SOURCE_1","core/BLOCK_001/index/stream_stripes/stream_00045.tif",47946,""
"BLOCK_001","stream",46,11521,11776,256,25200,"SOURCE_1","core/BLOCK_001/index/stream_stripes/stream_00046.tif",49586,""
"BLOCK_001","stream",47,11777,12032,256,25200,"SOURCE_1","core/BLOCK_001/index/stream_stripes/stream_00047.tif",46152,""
"BLOCK_001","stream",48,12033,12288,256,25200,"SOURCE_1","core/BLOCK_001/index/stream_stripes/stream_00048.tif",46642,""
"BLOCK_001","stream",49,12289,12544,256,25200,"SOURCE_1","core/BLOCK_001/index/stream_stripes/stream_00049.tif",47164,""
"BLOCK_001","stream",50,12545,12800,256,25200,"SOURCE_1","core/BLOCK_001/index/stream_stripes/stream_00050.tif",43274,""
"BLOCK_001","stream",51,12801,13056,256,25200,"SOURCE_1","core/BLOCK_001/index/stream_stripes/stream_00051.tif",44208,""
"BLOCK_001","stream",52,13057,13312,256,25200,"SOURCE_1","core/BLOCK_001/index/stream_stripes/stream_00052.tif",46878,""
"BLOCK_001","stream",53,13313,13568,256,25200,"SOURCE_1","core/BLOCK_001/index/stream_stripes/stream_00053.tif",40804,""
"BLOCK_001","stream",54,13569,13824,256,25200,"SOURCE_1","core/BLOCK_001/index/stream_stripes/stream_00054.tif",40320,""
"BLOCK_001","stream",55,13825,14080,256,25200,"SOURCE_1","core/BLOCK_001/index/stream_stripes/stream_00055.tif",40012,""
"BLOCK_001","stream",56,14081,14336,256,25200,"SOURCE_1","core/BLOCK_001/index/stream_stripes/stream_00056.tif",42104,""
"BLOCK_001","stream",57,14337,14592,256,25200,"SOURCE_1","core/BLOCK_001/index/stream_stripes/stream_00057.tif",32696,""
"BLOCK_001","stream",58,14593,14848,256,25200,"SOURCE_1","core/BLOCK_001/index/stream_stripes/stream_00058.tif",34230,""
"BLOCK_001","stream",59,14849,15104,256,25200,"SOURCE_1","core/BLOCK_001/index/stream_stripes/stream_00059.tif",31602,""
"BLOCK_001","stream",60,15105,15360,256,25200,"SOURCE_1","core/BLOCK_001/index/stream_stripes/stream_00060.tif",34018,""
"BLOCK_001","stream",61,15361,15616,256,25200,"SOURCE_1","core/BLOCK_001/index/stream_stripes/stream_00061.tif",36164,""
"BLOCK_001","stream",62,15617,15872,256,25200,"SOURCE_1","core/BLOCK_001/index/stream_stripes/stream_00062.tif",33454,""
"BLOCK_001","stream",63,15873,16128,256,25200,"SOURCE_1","core/BLOCK_001/index/stream_stripes/stream_00063.tif",32150,""
"BLOCK_001","stream",64,16129,16384,256,25200,"SOURCE_1","core/BLOCK_001/index/stream_stripes/stream_00064.tif",31078,""
"BLOCK_001","stream",65,16385,16640,256,25200,"SOURCE_1","core/BLOCK_001/index/stream_stripes/stream_00065.tif",34474,""
"BLOCK_001","stream",66,16641,16896,256,25200,"SOURCE_1","core/BLOCK_001/index/stream_stripes/stream_00066.tif",28882,""
"BLOCK_001","stream",67,16897,17152,256,25200,"SOURCE_1","core/BLOCK_001/index/stream_stripes/stream_00067.tif",33112,""
"BLOCK_001","stream",68,17153,17408,256,25200,"SOURCE_1","core/BLOCK_001/index/stream_stripes/stream_00068.tif",36182,""
"BLOCK_001","stream",69,17409,17664,256,25200,"SOURCE_1","core/BLOCK_001/index/stream_stripes/stream_00069.tif",34234,""
"BLOCK_001","stream",70,17665,17920,256,25200,"SOURCE_1","core/BLOCK_001/index/stream_stripes/stream_00070.tif",35136,""
"BLOCK_001","stream",71,17921,18000,80,25200,"SOURCE_1","core/BLOCK_001/index/stream_stripes/stream_00071.tif",16200,""
"BLOCK_002","hydrography",NA,NA,NA,NA,NA,"SOURCE_1","core/BLOCK_002/hydrography_block.gpkg",15974400,""
"BLOCK_002","index_metadata",NA,NA,NA,NA,NA,"SOURCE_1","core/BLOCK_002/index/index_metadata.rds",1358,""
"BLOCK_002","reverse",1,1,256,256,21600,"SOURCE_1","core/BLOCK_002/index/reverse_stripes/reverse_00001.tif",1686576,""
"BLOCK_002","reverse",2,257,512,256,21600,"SOURCE_1","core/BLOCK_002/index/reverse_stripes/reverse_00002.tif",1688938,""
"BLOCK_002","reverse",3,513,768,256,21600,"SOURCE_1","core/BLOCK_002/index/reverse_stripes/reverse_00003.tif",1689736,""
"BLOCK_002","reverse",4,769,1024,256,21600,"SOURCE_1","core/BLOCK_002/index/reverse_stripes/reverse_00004.tif",1688600,""
"BLOCK_002","reverse",5,1025,1280,256,21600,"SOURCE_1","core/BLOCK_002/index/reverse_stripes/reverse_00005.tif",1690664,""
"BLOCK_002","reverse",6,1281,1536,256,21600,"SOURCE_1","core/BLOCK_002/index/reverse_stripes/reverse_00006.tif",1683780,""
"BLOCK_002","reverse",7,1537,1792,256,21600,"SOURCE_1","core/BLOCK_002/index/reverse_stripes/reverse_00007.tif",1685942,""
"BLOCK_002","reverse",8,1793,2048,256,21600,"SOURCE_1","core/BLOCK_002/index/reverse_stripes/reverse_00008.tif",1684228,""
"BLOCK_002","reverse",9,2049,2304,256,21600,"SOURCE_1","core/BLOCK_002/index/reverse_stripes/reverse_00009.tif",1677076,""
"BLOCK_002","reverse",10,2305,2560,256,21600,"SOURCE_1","core/BLOCK_002/index/reverse_stripes/reverse_00010.tif",1676094,""
"BLOCK_002","reverse",11,2561,2816,256,21600,"SOURCE_1","core/BLOCK_002/index/reverse_stripes/reverse_00011.tif",1677522,""
"BLOCK_002","reverse",12,2817,3072,256,21600,"SOURCE_1","core/BLOCK_002/index/reverse_stripes/reverse_00012.tif",1659354,""
"BLOCK_002","reverse",13,3073,3328,256,21600,"SOURCE_1","core/BLOCK_002/index/reverse_stripes/reverse_00013.tif",1669362,""
"BLOCK_002","reverse",14,3329,3584,256,21600,"SOURCE_1","core/BLOCK_002/index/reverse_stripes/reverse_00014.tif",1660674,""
"BLOCK_002","reverse",15,3585,3840,256,21600,"SOURCE_1","core/BLOCK_002/index/reverse_stripes/reverse_00015.tif",2035198,""
"BLOCK_002","reverse",16,3841,4096,256,21600,"SOURCE_1","core/BLOCK_002/index/reverse_stripes/reverse_00016.tif",2070436,""
"BLOCK_002","reverse",17,4097,4352,256,21600,"SOURCE_1","core/BLOCK_002/index/reverse_stripes/reverse_00017.tif",2084062,""
"BLOCK_002","reverse",18,4353,4608,256,21600,"SOURCE_1","core/BLOCK_002/index/reverse_stripes/reverse_00018.tif",2090730,""
"BLOCK_002","reverse",19,4609,4864,256,21600,"SOURCE_1","core/BLOCK_002/index/reverse_stripes/reverse_00019.tif",2093142,""
"BLOCK_002","reverse",20,4865,5120,256,21600,"SOURCE_1","core/BLOCK_002/index/reverse_stripes/reverse_00020.tif",2089424,""
"BLOCK_002","reverse",21,5121,5376,256,21600,"SOURCE_1","core/BLOCK_002/index/reverse_stripes/reverse_00021.tif",2077684,""
"BLOCK_002","reverse",22,5377,5632,256,21600,"SOURCE_1","core/BLOCK_002/index/reverse_stripes/reverse_00022.tif",2084570,""
"BLOCK_002","reverse",23,5633,5888,256,21600,"SOURCE_1","core/BLOCK_002/index/reverse_stripes/reverse_00023.tif",2070984,""
"BLOCK_002","reverse",24,5889,6144,256,21600,"SOURCE_1","core/BLOCK_002/index/reverse_stripes/reverse_00024.tif",2073482,""
"BLOCK_002","reverse",25,6145,6400,256,21600,"SOURCE_1","core/BLOCK_002/index/reverse_stripes/reverse_00025.tif",2069736,""
"BLOCK_002","reverse",26,6401,6656,256,21600,"SOURCE_1","core/BLOCK_002/index/reverse_stripes/reverse_00026.tif",2066802,""
"BLOCK_002","reverse",27,6657,6912,256,21600,"SOURCE_1","core/BLOCK_002/index/reverse_stripes/reverse_00027.tif",2066396,""
"BLOCK_002","reverse",28,6913,7168,256,21600,"SOURCE_1","core/BLOCK_002/index/reverse_stripes/reverse_00028.tif",2064378,""
"BLOCK_002","reverse",29,7169,7424,256,21600,"SOURCE_1","core/BLOCK_002/index/reverse_stripes/reverse_00029.tif",2429292,""
"BLOCK_002","reverse",30,7425,7680,256,21600,"SOURCE_1","core/BLOCK_002/index/reverse_stripes/reverse_00030.tif",2483216,""
"BLOCK_002","reverse",31,7681,7936,256,21600,"SOURCE_1","core/BLOCK_002/index/reverse_stripes/reverse_00031.tif",2481542,""
"BLOCK_002","reverse",32,7937,8192,256,21600,"SOURCE_1","core/BLOCK_002/index/reverse_stripes/reverse_00032.tif",2483926,""
"BLOCK_002","reverse",33,8193,8448,256,21600,"SOURCE_1","core/BLOCK_002/index/reverse_stripes/reverse_00033.tif",2485014,""
"BLOCK_002","reverse",34,8449,8704,256,21600,"SOURCE_1","core/BLOCK_002/index/reverse_stripes/reverse_00034.tif",2494018,""
"BLOCK_002","reverse",35,8705,8960,256,21600,"SOURCE_1","core/BLOCK_002/index/reverse_stripes/reverse_00035.tif",2498584,""
"BLOCK_002","reverse",36,8961,9216,256,21600,"SOURCE_1","core/BLOCK_002/index/reverse_stripes/reverse_00036.tif",2507454,""
"BLOCK_002","reverse",37,9217,9472,256,21600,"SOURCE_1","core/BLOCK_002/index/reverse_stripes/reverse_00037.tif",2490594,""
"BLOCK_002","reverse",38,9473,9728,256,21600,"SOURCE_1","core/BLOCK_002/index/reverse_stripes/reverse_00038.tif",2484738,""
"BLOCK_002","reverse",39,9729,9984,256,21600,"SOURCE_1","core/BLOCK_002/index/reverse_stripes/reverse_00039.tif",2494642,""
"BLOCK_002","reverse",40,9985,10240,256,21600,"SOURCE_1","core/BLOCK_002/index/reverse_stripes/reverse_00040.tif",2506246,""
"BLOCK_002","reverse",41,10241,10496,256,21600,"SOURCE_1","core/BLOCK_002/index/reverse_stripes/reverse_00041.tif",2504024,""
"BLOCK_002","reverse",42,10497,10752,256,21600,"SOURCE_1","core/BLOCK_002/index/reverse_stripes/reverse_00042.tif",2496926,""
"BLOCK_002","reverse",43,10753,11008,256,21600,"SOURCE_1","core/BLOCK_002/index/reverse_stripes/reverse_00043.tif",2154956,""
"BLOCK_002","reverse",44,11009,11264,256,21600,"SOURCE_1","core/BLOCK_002/index/reverse_stripes/reverse_00044.tif",2071080,""
"BLOCK_002","reverse",45,11265,11520,256,21600,"SOURCE_1","core/BLOCK_002/index/reverse_stripes/reverse_00045.tif",2071246,""
"BLOCK_002","reverse",46,11521,11776,256,21600,"SOURCE_1","core/BLOCK_002/index/reverse_stripes/reverse_00046.tif",2055844,""
"BLOCK_002","reverse",47,11777,12032,256,21600,"SOURCE_1","core/BLOCK_002/index/reverse_stripes/reverse_00047.tif",2043208,""
"BLOCK_002","reverse",48,12033,12288,256,21600,"SOURCE_1","core/BLOCK_002/index/reverse_stripes/reverse_00048.tif",2077630,""
"BLOCK_002","reverse",49,12289,12544,256,21600,"SOURCE_1","core/BLOCK_002/index/reverse_stripes/reverse_00049.tif",2062684,""
"BLOCK_002","reverse",50,12545,12800,256,21600,"SOURCE_1","core/BLOCK_002/index/reverse_stripes/reverse_00050.tif",2072402,""
"BLOCK_002","reverse",51,12801,13056,256,21600,"SOURCE_1","core/BLOCK_002/index/reverse_stripes/reverse_00051.tif",2061658,""
"BLOCK_002","reverse",52,13057,13312,256,21600,"SOURCE_1","core/BLOCK_002/index/reverse_stripes/reverse_00052.tif",2060038,""
"BLOCK_002","reverse",53,13313,13568,256,21600,"SOURCE_1","core/BLOCK_002/index/reverse_stripes/reverse_00053.tif",2075056,""
"BLOCK_002","reverse",54,13569,13824,256,21600,"SOURCE_1","core/BLOCK_002/index/reverse_stripes/reverse_00054.tif",2052832,""
"BLOCK_002","reverse",55,13825,14080,256,21600,"SOURCE_1","core/BLOCK_002/index/reverse_stripes/reverse_00055.tif",2051460,""
"BLOCK_002","reverse",56,14081,14336,256,21600,"SOURCE_1","core/BLOCK_002/index/reverse_stripes/reverse_00056.tif",2017948,""
"BLOCK_002","reverse",57,14337,14400,64,21600,"SOURCE_1","core/BLOCK_002/index/reverse_stripes/reverse_00057.tif",537552,""
"BLOCK_002","run_info",NA,NA,NA,NA,NA,"SOURCE_1","core/BLOCK_002/run_info.csv",1109,""
"BLOCK_002","stream",1,1,256,256,21600,"SOURCE_1","core/BLOCK_002/index/stream_stripes/stream_00001.tif",39096,""
"BLOCK_002","stream",2,257,512,256,21600,"SOURCE_1","core/BLOCK_002/index/stream_stripes/stream_00002.tif",44176,""
"BLOCK_002","stream",3,513,768,256,21600,"SOURCE_1","core/BLOCK_002/index/stream_stripes/stream_00003.tif",43436,""
"BLOCK_002","stream",4,769,1024,256,21600,"SOURCE_1","core/BLOCK_002/index/stream_stripes/stream_00004.tif",41010,""
"BLOCK_002","stream",5,1025,1280,256,21600,"SOURCE_1","core/BLOCK_002/index/stream_stripes/stream_00005.tif",39360,""
"BLOCK_002","stream",6,1281,1536,256,21600,"SOURCE_1","core/BLOCK_002/index/stream_stripes/stream_00006.tif",44126,""
"BLOCK_002","stream",7,1537,1792,256,21600,"SOURCE_1","core/BLOCK_002/index/stream_stripes/stream_00007.tif",41310,""
"BLOCK_002","stream",8,1793,2048,256,21600,"SOURCE_1","core/BLOCK_002/index/stream_stripes/stream_00008.tif",41672,""
"BLOCK_002","stream",9,2049,2304,256,21600,"SOURCE_1","core/BLOCK_002/index/stream_stripes/stream_00009.tif",42848,""
"BLOCK_002","stream",10,2305,2560,256,21600,"SOURCE_1","core/BLOCK_002/index/stream_stripes/stream_00010.tif",44388,""
"BLOCK_002","stream",11,2561,2816,256,21600,"SOURCE_1","core/BLOCK_002/index/stream_stripes/stream_00011.tif",42688,""
"BLOCK_002","stream",12,2817,3072,256,21600,"SOURCE_1","core/BLOCK_002/index/stream_stripes/stream_00012.tif",43350,""
"BLOCK_002","stream",13,3073,3328,256,21600,"SOURCE_1","core/BLOCK_002/index/stream_stripes/stream_00013.tif",43042,""
"BLOCK_002","stream",14,3329,3584,256,21600,"SOURCE_1","core/BLOCK_002/index/stream_stripes/stream_00014.tif",39512,""
"BLOCK_002","stream",15,3585,3840,256,21600,"SOURCE_1","core/BLOCK_002/index/stream_stripes/stream_00015.tif",51832,""
"BLOCK_002","stream",16,3841,4096,256,21600,"SOURCE_1","core/BLOCK_002/index/stream_stripes/stream_00016.tif",60600,""
"BLOCK_002","stream",17,4097,4352,256,21600,"SOURCE_1","core/BLOCK_002/index/stream_stripes/stream_00017.tif",53056,""
"BLOCK_002","stream",18,4353,4608,256,21600,"SOURCE_1","core/BLOCK_002/index/stream_stripes/stream_00018.tif",49350,""
"BLOCK_002","stream",19,4609,4864,256,21600,"SOURCE_1","core/BLOCK_002/index/stream_stripes/stream_00019.tif",54300,""
"BLOCK_002","stream",20,4865,5120,256,21600,"SOURCE_1","core/BLOCK_002/index/stream_stripes/stream_00020.tif",49166,""
"BLOCK_002","stream",21,5121,5376,256,21600,"SOURCE_1","core/BLOCK_002/index/stream_stripes/stream_00021.tif",51648,""
"BLOCK_002","stream",22,5377,5632,256,21600,"SOURCE_1","core/BLOCK_002/index/stream_stripes/stream_00022.tif",52362,""
"BLOCK_002","stream",23,5633,5888,256,21600,"SOURCE_1","core/BLOCK_002/index/stream_stripes/stream_00023.tif",53092,""
"BLOCK_002","stream",24,5889,6144,256,21600,"SOURCE_1","core/BLOCK_002/index/stream_stripes/stream_00024.tif",53544,""
"BLOCK_002","stream",25,6145,6400,256,21600,"SOURCE_1","core/BLOCK_002/index/stream_stripes/stream_00025.tif",51324,""
"BLOCK_002","stream",26,6401,6656,256,21600,"SOURCE_1","core/BLOCK_002/index/stream_stripes/stream_00026.tif",49866,""
"BLOCK_002","stream",27,6657,6912,256,21600,"SOURCE_1","core/BLOCK_002/index/stream_stripes/stream_00027.tif",52284,""
"BLOCK_002","stream",28,6913,7168,256,21600,"SOURCE_1","core/BLOCK_002/index/stream_stripes/stream_00028.tif",51734,""
"BLOCK_002","stream",29,7169,7424,256,21600,"SOURCE_1","core/BLOCK_002/index/stream_stripes/stream_00029.tif",58486,""
"BLOCK_002","stream",30,7425,7680,256,21600,"SOURCE_1","core/BLOCK_002/index/stream_stripes/stream_00030.tif",63278,""
"BLOCK_002","stream",31,7681,7936,256,21600,"SOURCE_1","core/BLOCK_002/index/stream_stripes/stream_00031.tif",58822,""
"BLOCK_002","stream",32,7937,8192,256,21600,"SOURCE_1","core/BLOCK_002/index/stream_stripes/stream_00032.tif",61110,""
"BLOCK_002","stream",33,8193,8448,256,21600,"SOURCE_1","core/BLOCK_002/index/stream_stripes/stream_00033.tif",58414,""
"BLOCK_002","stream",34,8449,8704,256,21600,"SOURCE_1","core/BLOCK_002/index/stream_stripes/stream_00034.tif",61298,""
"BLOCK_002","stream",35,8705,8960,256,21600,"SOURCE_1","core/BLOCK_002/index/stream_stripes/stream_00035.tif",51682,""
"BLOCK_002","stream",36,8961,9216,256,21600,"SOURCE_1","core/BLOCK_002/index/stream_stripes/stream_00036.tif",57882,""
"BLOCK_002","stream",37,9217,9472,256,21600,"SOURCE_1","core/BLOCK_002/index/stream_stripes/stream_00037.tif",58404,""
"BLOCK_002","stream",38,9473,9728,256,21600,"SOURCE_1","core/BLOCK_002/index/stream_stripes/stream_00038.tif",58502,""
"BLOCK_002","stream",39,9729,9984,256,21600,"SOURCE_1","core/BLOCK_002/index/stream_stripes/stream_00039.tif",60672,""
"BLOCK_002","stream",40,9985,10240,256,21600,"SOURCE_1","core/BLOCK_002/index/stream_stripes/stream_00040.tif",49756,""
"BLOCK_002","stream",41,10241,10496,256,21600,"SOURCE_1","core/BLOCK_002/index/stream_stripes/stream_00041.tif",58658,""
"BLOCK_002","stream",42,10497,10752,256,21600,"SOURCE_1","core/BLOCK_002/index/stream_stripes/stream_00042.tif",55558,""
"BLOCK_002","stream",43,10753,11008,256,21600,"SOURCE_1","core/BLOCK_002/index/stream_stripes/stream_00043.tif",56030,""
"BLOCK_002","stream",44,11009,11264,256,21600,"SOURCE_1","core/BLOCK_002/index/stream_stripes/stream_00044.tif",52482,""
"BLOCK_002","stream",45,11265,11520,256,21600,"SOURCE_1","core/BLOCK_002/index/stream_stripes/stream_00045.tif",42526,""
"BLOCK_002","stream",46,11521,11776,256,21600,"SOURCE_1","core/BLOCK_002/index/stream_stripes/stream_00046.tif",49772,""
"BLOCK_002","stream",47,11777,12032,256,21600,"SOURCE_1","core/BLOCK_002/index/stream_stripes/stream_00047.tif",58276,""
"BLOCK_002","stream",48,12033,12288,256,21600,"SOURCE_1","core/BLOCK_002/index/stream_stripes/stream_00048.tif",49164,""
"BLOCK_002","stream",49,12289,12544,256,21600,"SOURCE_1","core/BLOCK_002/index/stream_stripes/stream_00049.tif",52936,""
"BLOCK_002","stream",50,12545,12800,256,21600,"SOURCE_1","core/BLOCK_002/index/stream_stripes/stream_00050.tif",47428,""
"BLOCK_002","stream",51,12801,13056,256,21600,"SOURCE_1","core/BLOCK_002/index/stream_stripes/stream_00051.tif",51804,""
"BLOCK_002","stream",52,13057,13312,256,21600,"SOURCE_1","core/BLOCK_002/index/stream_stripes/stream_00052.tif",51128,""
"BLOCK_002","stream",53,13313,13568,256,21600,"SOURCE_1","core/BLOCK_002/index/stream_stripes/stream_00053.tif",44704,""
"BLOCK_002","stream",54,13569,13824,256,21600,"SOURCE_1","core/BLOCK_002/index/stream_stripes/stream_00054.tif",53302,""
"BLOCK_002","stream",55,13825,14080,256,21600,"SOURCE_1","core/BLOCK_002/index/stream_stripes/stream_00055.tif",54298,""
"BLOCK_002","stream",56,14081,14336,256,21600,"SOURCE_1","core/BLOCK_002/index/stream_stripes/stream_00056.tif",48850,""
"BLOCK_002","stream",57,14337,14400,64,21600,"SOURCE_1","core/BLOCK_002/index/stream_stripes/stream_00057.tif",15022,""
"BLOCK_003","hydrography",NA,NA,NA,NA,NA,"SOURCE_1","core/BLOCK_003/hydrography_block.gpkg",14475264,""
"BLOCK_003","index_metadata",NA,NA,NA,NA,NA,"SOURCE_1","core/BLOCK_003/index/index_metadata.rds",1355,""
"BLOCK_003","reverse",1,1,256,256,18000,"SOURCE_1","core/BLOCK_003/index/reverse_stripes/reverse_00001.tif",427396,""
"BLOCK_003","reverse",2,257,512,256,18000,"SOURCE_1","core/BLOCK_003/index/reverse_stripes/reverse_00002.tif",425544,""
"BLOCK_003","reverse",3,513,768,256,18000,"SOURCE_1","core/BLOCK_003/index/reverse_stripes/reverse_00003.tif",424988,""
"BLOCK_003","reverse",4,769,1024,256,18000,"SOURCE_1","core/BLOCK_003/index/reverse_stripes/reverse_00004.tif",427102,""
"BLOCK_003","reverse",5,1025,1280,256,18000,"SOURCE_1","core/BLOCK_003/index/reverse_stripes/reverse_00005.tif",426644,""
"BLOCK_003","reverse",6,1281,1536,256,18000,"SOURCE_1","core/BLOCK_003/index/reverse_stripes/reverse_00006.tif",428330,""
"BLOCK_003","reverse",7,1537,1792,256,18000,"SOURCE_1","core/BLOCK_003/index/reverse_stripes/reverse_00007.tif",417480,""
"BLOCK_003","reverse",8,1793,2048,256,18000,"SOURCE_1","core/BLOCK_003/index/reverse_stripes/reverse_00008.tif",352570,""
"BLOCK_003","reverse",9,2049,2304,256,18000,"SOURCE_1","core/BLOCK_003/index/reverse_stripes/reverse_00009.tif",340828,""
"BLOCK_003","reverse",10,2305,2560,256,18000,"SOURCE_1","core/BLOCK_003/index/reverse_stripes/reverse_00010.tif",390044,""
"BLOCK_003","reverse",11,2561,2816,256,18000,"SOURCE_1","core/BLOCK_003/index/reverse_stripes/reverse_00011.tif",393560,""
"BLOCK_003","reverse",12,2817,3072,256,18000,"SOURCE_1","core/BLOCK_003/index/reverse_stripes/reverse_00012.tif",409706,""
"BLOCK_003","reverse",13,3073,3328,256,18000,"SOURCE_1","core/BLOCK_003/index/reverse_stripes/reverse_00013.tif",421190,""
"BLOCK_003","reverse",14,3329,3584,256,18000,"SOURCE_1","core/BLOCK_003/index/reverse_stripes/reverse_00014.tif",424596,""
"BLOCK_003","reverse",15,3585,3840,256,18000,"SOURCE_1","core/BLOCK_003/index/reverse_stripes/reverse_00015.tif",1958474,""
"BLOCK_003","reverse",16,3841,4096,256,18000,"SOURCE_1","core/BLOCK_003/index/reverse_stripes/reverse_00016.tif",2049372,""
"BLOCK_003","reverse",17,4097,4352,256,18000,"SOURCE_1","core/BLOCK_003/index/reverse_stripes/reverse_00017.tif",2031748,""
"BLOCK_003","reverse",18,4353,4608,256,18000,"SOURCE_1","core/BLOCK_003/index/reverse_stripes/reverse_00018.tif",2010372,""
"BLOCK_003","reverse",19,4609,4864,256,18000,"SOURCE_1","core/BLOCK_003/index/reverse_stripes/reverse_00019.tif",2029326,""
"BLOCK_003","reverse",20,4865,5120,256,18000,"SOURCE_1","core/BLOCK_003/index/reverse_stripes/reverse_00020.tif",2040616,""
"BLOCK_003","reverse",21,5121,5376,256,18000,"SOURCE_1","core/BLOCK_003/index/reverse_stripes/reverse_00021.tif",2016646,""
"BLOCK_003","reverse",22,5377,5632,256,18000,"SOURCE_1","core/BLOCK_003/index/reverse_stripes/reverse_00022.tif",2010374,""
"BLOCK_003","reverse",23,5633,5888,256,18000,"SOURCE_1","core/BLOCK_003/index/reverse_stripes/reverse_00023.tif",2042652,""
"BLOCK_003","reverse",24,5889,6144,256,18000,"SOURCE_1","core/BLOCK_003/index/reverse_stripes/reverse_00024.tif",2045264,""
"BLOCK_003","reverse",25,6145,6400,256,18000,"SOURCE_1","core/BLOCK_003/index/reverse_stripes/reverse_00025.tif",2065200,""
"BLOCK_003","reverse",26,6401,6656,256,18000,"SOURCE_1","core/BLOCK_003/index/reverse_stripes/reverse_00026.tif",2062050,""
"BLOCK_003","reverse",27,6657,6912,256,18000,"SOURCE_1","core/BLOCK_003/index/reverse_stripes/reverse_00027.tif",2054504,""
"BLOCK_003","reverse",28,6913,7168,256,18000,"SOURCE_1","core/BLOCK_003/index/reverse_stripes/reverse_00028.tif",2070686,""
"BLOCK_003","reverse",29,7169,7424,256,18000,"SOURCE_1","core/BLOCK_003/index/reverse_stripes/reverse_00029.tif",2066776,""
"BLOCK_003","reverse",30,7425,7680,256,18000,"SOURCE_1","core/BLOCK_003/index/reverse_stripes/reverse_00030.tif",2075536,""
"BLOCK_003","reverse",31,7681,7936,256,18000,"SOURCE_1","core/BLOCK_003/index/reverse_stripes/reverse_00031.tif",2082158,""
"BLOCK_003","reverse",32,7937,8192,256,18000,"SOURCE_1","core/BLOCK_003/index/reverse_stripes/reverse_00032.tif",2080038,""
"BLOCK_003","reverse",33,8193,8448,256,18000,"SOURCE_1","core/BLOCK_003/index/reverse_stripes/reverse_00033.tif",2086406,""
"BLOCK_003","reverse",34,8449,8704,256,18000,"SOURCE_1","core/BLOCK_003/index/reverse_stripes/reverse_00034.tif",2078040,""
"BLOCK_003","reverse",35,8705,8960,256,18000,"SOURCE_1","core/BLOCK_003/index/reverse_stripes/reverse_00035.tif",2079232,""
"BLOCK_003","reverse",36,8961,9216,256,18000,"SOURCE_1","core/BLOCK_003/index/reverse_stripes/reverse_00036.tif",2078246,""
"BLOCK_003","reverse",37,9217,9472,256,18000,"SOURCE_1","core/BLOCK_003/index/reverse_stripes/reverse_00037.tif",2080578,""
"BLOCK_003","reverse",38,9473,9728,256,18000,"SOURCE_1","core/BLOCK_003/index/reverse_stripes/reverse_00038.tif",2069428,""
"BLOCK_003","reverse",39,9729,9984,256,18000,"SOURCE_1","core/BLOCK_003/index/reverse_stripes/reverse_00039.tif",2062690,""
"BLOCK_003","reverse",40,9985,10240,256,18000,"SOURCE_1","core/BLOCK_003/index/reverse_stripes/reverse_00040.tif",2055664,""
"BLOCK_003","reverse",41,10241,10496,256,18000,"SOURCE_1","core/BLOCK_003/index/reverse_stripes/reverse_00041.tif",2057766,""
"BLOCK_003","reverse",42,10497,10752,256,18000,"SOURCE_1","core/BLOCK_003/index/reverse_stripes/reverse_00042.tif",2047410,""
"BLOCK_003","reverse",43,10753,11008,256,18000,"SOURCE_1","core/BLOCK_003/index/reverse_stripes/reverse_00043.tif",1715468,""
"BLOCK_003","reverse",44,11009,11264,256,18000,"SOURCE_1","core/BLOCK_003/index/reverse_stripes/reverse_00044.tif",1631000,""
"BLOCK_003","reverse",45,11265,11520,256,18000,"SOURCE_1","core/BLOCK_003/index/reverse_stripes/reverse_00045.tif",1635492,""
"BLOCK_003","reverse",46,11521,11776,256,18000,"SOURCE_1","core/BLOCK_003/index/reverse_stripes/reverse_00046.tif",1638426,""
"BLOCK_003","reverse",47,11777,12032,256,18000,"SOURCE_1","core/BLOCK_003/index/reverse_stripes/reverse_00047.tif",1639622,""
"BLOCK_003","reverse",48,12033,12288,256,18000,"SOURCE_1","core/BLOCK_003/index/reverse_stripes/reverse_00048.tif",1636518,""
"BLOCK_003","reverse",49,12289,12544,256,18000,"SOURCE_1","core/BLOCK_003/index/reverse_stripes/reverse_00049.tif",1637466,""
"BLOCK_003","reverse",50,12545,12800,256,18000,"SOURCE_1","core/BLOCK_003/index/reverse_stripes/reverse_00050.tif",1634034,""
"BLOCK_003","reverse",51,12801,13056,256,18000,"SOURCE_1","core/BLOCK_003/index/reverse_stripes/reverse_00051.tif",1633590,""
"BLOCK_003","reverse",52,13057,13312,256,18000,"SOURCE_1","core/BLOCK_003/index/reverse_stripes/reverse_00052.tif",1631890,""
"BLOCK_003","reverse",53,13313,13568,256,18000,"SOURCE_1","core/BLOCK_003/index/reverse_stripes/reverse_00053.tif",1630984,""
"BLOCK_003","reverse",54,13569,13824,256,18000,"SOURCE_1","core/BLOCK_003/index/reverse_stripes/reverse_00054.tif",1629322,""
"BLOCK_003","reverse",55,13825,14080,256,18000,"SOURCE_1","core/BLOCK_003/index/reverse_stripes/reverse_00055.tif",1631268,""
"BLOCK_003","reverse",56,14081,14336,256,18000,"SOURCE_1","core/BLOCK_003/index/reverse_stripes/reverse_00056.tif",1631324,""
"BLOCK_003","reverse",57,14337,14592,256,18000,"SOURCE_1","core/BLOCK_003/index/reverse_stripes/reverse_00057.tif",1329146,""
"BLOCK_003","reverse",58,14593,14848,256,18000,"SOURCE_1","core/BLOCK_003/index/reverse_stripes/reverse_00058.tif",1215570,""
"BLOCK_003","reverse",59,14849,15104,256,18000,"SOURCE_1","core/BLOCK_003/index/reverse_stripes/reverse_00059.tif",1221304,""
"BLOCK_003","reverse",60,15105,15360,256,18000,"SOURCE_1","core/BLOCK_003/index/reverse_stripes/reverse_00060.tif",1220088,""
"BLOCK_003","reverse",61,15361,15616,256,18000,"SOURCE_1","core/BLOCK_003/index/reverse_stripes/reverse_00061.tif",1215742,""
"BLOCK_003","reverse",62,15617,15872,256,18000,"SOURCE_1","core/BLOCK_003/index/reverse_stripes/reverse_00062.tif",1217534,""
"BLOCK_003","reverse",63,15873,16128,256,18000,"SOURCE_1","core/BLOCK_003/index/reverse_stripes/reverse_00063.tif",1217000,""
"BLOCK_003","reverse",64,16129,16384,256,18000,"SOURCE_1","core/BLOCK_003/index/reverse_stripes/reverse_00064.tif",1218132,""
"BLOCK_003","reverse",65,16385,16640,256,18000,"SOURCE_1","core/BLOCK_003/index/reverse_stripes/reverse_00065.tif",1222624,""
"BLOCK_003","reverse",66,16641,16896,256,18000,"SOURCE_1","core/BLOCK_003/index/reverse_stripes/reverse_00066.tif",1212990,""
"BLOCK_003","reverse",67,16897,17152,256,18000,"SOURCE_1","core/BLOCK_003/index/reverse_stripes/reverse_00067.tif",1204720,""
"BLOCK_003","reverse",68,17153,17408,256,18000,"SOURCE_1","core/BLOCK_003/index/reverse_stripes/reverse_00068.tif",1210684,""
"BLOCK_003","reverse",69,17409,17664,256,18000,"SOURCE_1","core/BLOCK_003/index/reverse_stripes/reverse_00069.tif",1209196,""
"BLOCK_003","reverse",70,17665,17920,256,18000,"SOURCE_1","core/BLOCK_003/index/reverse_stripes/reverse_00070.tif",1207454,""
"BLOCK_003","reverse",71,17921,18000,80,18000,"SOURCE_1","core/BLOCK_003/index/reverse_stripes/reverse_00071.tif",404750,""
"BLOCK_003","run_info",NA,NA,NA,NA,NA,"SOURCE_1","core/BLOCK_003/run_info.csv",1055,""
"BLOCK_003","stream",1,1,256,256,18000,"SOURCE_1","core/BLOCK_003/index/stream_stripes/stream_00001.tif",15904,""
"BLOCK_003","stream",2,257,512,256,18000,"SOURCE_1","core/BLOCK_003/index/stream_stripes/stream_00002.tif",16860,""
"BLOCK_003","stream",3,513,768,256,18000,"SOURCE_1","core/BLOCK_003/index/stream_stripes/stream_00003.tif",16764,""
"BLOCK_003","stream",4,769,1024,256,18000,"SOURCE_1","core/BLOCK_003/index/stream_stripes/stream_00004.tif",15322,""
"BLOCK_003","stream",5,1025,1280,256,18000,"SOURCE_1","core/BLOCK_003/index/stream_stripes/stream_00005.tif",15894,""
"BLOCK_003","stream",6,1281,1536,256,18000,"SOURCE_1","core/BLOCK_003/index/stream_stripes/stream_00006.tif",14616,""
"BLOCK_003","stream",7,1537,1792,256,18000,"SOURCE_1","core/BLOCK_003/index/stream_stripes/stream_00007.tif",16032,""
"BLOCK_003","stream",8,1793,2048,256,18000,"SOURCE_1","core/BLOCK_003/index/stream_stripes/stream_00008.tif",17564,""
"BLOCK_003","stream",9,2049,2304,256,18000,"SOURCE_1","core/BLOCK_003/index/stream_stripes/stream_00009.tif",19292,""
"BLOCK_003","stream",10,2305,2560,256,18000,"SOURCE_1","core/BLOCK_003/index/stream_stripes/stream_00010.tif",17254,""
"BLOCK_003","stream",11,2561,2816,256,18000,"SOURCE_1","core/BLOCK_003/index/stream_stripes/stream_00011.tif",18334,""
"BLOCK_003","stream",12,2817,3072,256,18000,"SOURCE_1","core/BLOCK_003/index/stream_stripes/stream_00012.tif",16410,""
"BLOCK_003","stream",13,3073,3328,256,18000,"SOURCE_1","core/BLOCK_003/index/stream_stripes/stream_00013.tif",16640,""
"BLOCK_003","stream",14,3329,3584,256,18000,"SOURCE_1","core/BLOCK_003/index/stream_stripes/stream_00014.tif",15972,""
"BLOCK_003","stream",15,3585,3840,256,18000,"SOURCE_1","core/BLOCK_003/index/stream_stripes/stream_00015.tif",44108,""
"BLOCK_003","stream",16,3841,4096,256,18000,"SOURCE_1","core/BLOCK_003/index/stream_stripes/stream_00016.tif",49096,""
"BLOCK_003","stream",17,4097,4352,256,18000,"SOURCE_1","core/BLOCK_003/index/stream_stripes/stream_00017.tif",53122,""
"BLOCK_003","stream",18,4353,4608,256,18000,"SOURCE_1","core/BLOCK_003/index/stream_stripes/stream_00018.tif",51884,""
"BLOCK_003","stream",19,4609,4864,256,18000,"SOURCE_1","core/BLOCK_003/index/stream_stripes/stream_00019.tif",48452,""
"BLOCK_003","stream",20,4865,5120,256,18000,"SOURCE_1","core/BLOCK_003/index/stream_stripes/stream_00020.tif",49658,""
"BLOCK_003","stream",21,5121,5376,256,18000,"SOURCE_1","core/BLOCK_003/index/stream_stripes/stream_00021.tif",51714,""
"BLOCK_003","stream",22,5377,5632,256,18000,"SOURCE_1","core/BLOCK_003/index/stream_stripes/stream_00022.tif",51018,""
"BLOCK_003","stream",23,5633,5888,256,18000,"SOURCE_1","core/BLOCK_003/index/stream_stripes/stream_00023.tif",49634,""
"BLOCK_003","stream",24,5889,6144,256,18000,"SOURCE_1","core/BLOCK_003/index/stream_stripes/stream_00024.tif",50032,""
"BLOCK_003","stream",25,6145,6400,256,18000,"SOURCE_1","core/BLOCK_003/index/stream_stripes/stream_00025.tif",49584,""
"BLOCK_003","stream",26,6401,6656,256,18000,"SOURCE_1","core/BLOCK_003/index/stream_stripes/stream_00026.tif",47916,""
"BLOCK_003","stream",27,6657,6912,256,18000,"SOURCE_1","core/BLOCK_003/index/stream_stripes/stream_00027.tif",49990,""
"BLOCK_003","stream",28,6913,7168,256,18000,"SOURCE_1","core/BLOCK_003/index/stream_stripes/stream_00028.tif",49170,""
"BLOCK_003","stream",29,7169,7424,256,18000,"SOURCE_1","core/BLOCK_003/index/stream_stripes/stream_00029.tif",47696,""
"BLOCK_003","stream",30,7425,7680,256,18000,"SOURCE_1","core/BLOCK_003/index/stream_stripes/stream_00030.tif",49530,""
"BLOCK_003","stream",31,7681,7936,256,18000,"SOURCE_1","core/BLOCK_003/index/stream_stripes/stream_00031.tif",48268,""
"BLOCK_003","stream",32,7937,8192,256,18000,"SOURCE_1","core/BLOCK_003/index/stream_stripes/stream_00032.tif",50938,""
"BLOCK_003","stream",33,8193,8448,256,18000,"SOURCE_1","core/BLOCK_003/index/stream_stripes/stream_00033.tif",49462,""
"BLOCK_003","stream",34,8449,8704,256,18000,"SOURCE_1","core/BLOCK_003/index/stream_stripes/stream_00034.tif",49880,""
"BLOCK_003","stream",35,8705,8960,256,18000,"SOURCE_1","core/BLOCK_003/index/stream_stripes/stream_00035.tif",46090,""
"BLOCK_003","stream",36,8961,9216,256,18000,"SOURCE_1","core/BLOCK_003/index/stream_stripes/stream_00036.tif",50856,""
"BLOCK_003","stream",37,9217,9472,256,18000,"SOURCE_1","core/BLOCK_003/index/stream_stripes/stream_00037.tif",45858,""
"BLOCK_003","stream",38,9473,9728,256,18000,"SOURCE_1","core/BLOCK_003/index/stream_stripes/stream_00038.tif",49620,""
"BLOCK_003","stream",39,9729,9984,256,18000,"SOURCE_1","core/BLOCK_003/index/stream_stripes/stream_00039.tif",47510,""
"BLOCK_003","stream",40,9985,10240,256,18000,"SOURCE_1","core/BLOCK_003/index/stream_stripes/stream_00040.tif",49832,""
"BLOCK_003","stream",41,10241,10496,256,18000,"SOURCE_1","core/BLOCK_003/index/stream_stripes/stream_00041.tif",51410,""
"BLOCK_003","stream",42,10497,10752,256,18000,"SOURCE_1","core/BLOCK_003/index/stream_stripes/stream_00042.tif",46158,""
"BLOCK_003","stream",43,10753,11008,256,18000,"SOURCE_1","core/BLOCK_003/index/stream_stripes/stream_00043.tif",44820,""
"BLOCK_003","stream",44,11009,11264,256,18000,"SOURCE_1","core/BLOCK_003/index/stream_stripes/stream_00044.tif",44402,""
"BLOCK_003","stream",45,11265,11520,256,18000,"SOURCE_1","core/BLOCK_003/index/stream_stripes/stream_00045.tif",43308,""
"BLOCK_003","stream",46,11521,11776,256,18000,"SOURCE_1","core/BLOCK_003/index/stream_stripes/stream_00046.tif",39692,""
"BLOCK_003","stream",47,11777,12032,256,18000,"SOURCE_1","core/BLOCK_003/index/stream_stripes/stream_00047.tif",43662,""
"BLOCK_003","stream",48,12033,12288,256,18000,"SOURCE_1","core/BLOCK_003/index/stream_stripes/stream_00048.tif",42212,""
"BLOCK_003","stream",49,12289,12544,256,18000,"SOURCE_1","core/BLOCK_003/index/stream_stripes/stream_00049.tif",41120,""
"BLOCK_003","stream",50,12545,12800,256,18000,"SOURCE_1","core/BLOCK_003/index/stream_stripes/stream_00050.tif",44916,""
"BLOCK_003","stream",51,12801,13056,256,18000,"SOURCE_1","core/BLOCK_003/index/stream_stripes/stream_00051.tif",43052,""
"BLOCK_003","stream",52,13057,13312,256,18000,"SOURCE_1","core/BLOCK_003/index/stream_stripes/stream_00052.tif",40160,""
"BLOCK_003","stream",53,13313,13568,256,18000,"SOURCE_1","core/BLOCK_003/index/stream_stripes/stream_00053.tif",43180,""
"BLOCK_003","stream",54,13569,13824,256,18000,"SOURCE_1","core/BLOCK_003/index/stream_stripes/stream_00054.tif",42098,""
"BLOCK_003","stream",55,13825,14080,256,18000,"SOURCE_1","core/BLOCK_003/index/stream_stripes/stream_00055.tif",42400,""
"BLOCK_003","stream",56,14081,14336,256,18000,"SOURCE_1","core/BLOCK_003/index/stream_stripes/stream_00056.tif",41018,""
"BLOCK_003","stream",57,14337,14592,256,18000,"SOURCE_1","core/BLOCK_003/index/stream_stripes/stream_00057.tif",32824,""
"BLOCK_003","stream",58,14593,14848,256,18000,"SOURCE_1","core/BLOCK_003/index/stream_stripes/stream_00058.tif",35510,""
"BLOCK_003","stream",59,14849,15104,256,18000,"SOURCE_1","core/BLOCK_003/index/stream_stripes/stream_00059.tif",32700,""
"BLOCK_003","stream",60,15105,15360,256,18000,"SOURCE_1","core/BLOCK_003/index/stream_stripes/stream_00060.tif",31980,""
"BLOCK_003","stream",61,15361,15616,256,18000,"SOURCE_1","core/BLOCK_003/index/stream_stripes/stream_00061.tif",36828,""
"BLOCK_003","stream",62,15617,15872,256,18000,"SOURCE_1","core/BLOCK_003/index/stream_stripes/stream_00062.tif",32608,""
"BLOCK_003","stream",63,15873,16128,256,18000,"SOURCE_1","core/BLOCK_003/index/stream_stripes/stream_00063.tif",29946,""
"BLOCK_003","stream",64,16129,16384,256,18000,"SOURCE_1","core/BLOCK_003/index/stream_stripes/stream_00064.tif",33058,""
"BLOCK_003","stream",65,16385,16640,256,18000,"SOURCE_1","core/BLOCK_003/index/stream_stripes/stream_00065.tif",38584,""
"BLOCK_003","stream",66,16641,16896,256,18000,"SOURCE_1","core/BLOCK_003/index/stream_stripes/stream_00066.tif",30836,""
"BLOCK_003","stream",67,16897,17152,256,18000,"SOURCE_1","core/BLOCK_003/index/stream_stripes/stream_00067.tif",36062,""
"BLOCK_003","stream",68,17153,17408,256,18000,"SOURCE_1","core/BLOCK_003/index/stream_stripes/stream_00068.tif",27998,""
"BLOCK_003","stream",69,17409,17664,256,18000,"SOURCE_1","core/BLOCK_003/index/stream_stripes/stream_00069.tif",36756,""
"BLOCK_003","stream",70,17665,17920,256,18000,"SOURCE_1","core/BLOCK_003/index/stream_stripes/stream_00070.tif",31970,""
"BLOCK_003","stream",71,17921,18000,80,18000,"SOURCE_1","core/BLOCK_003/index/stream_stripes/stream_00071.tif",11438,""
"BLOCK_004","index_metadata",NA,NA,NA,NA,NA,"SOURCE_1","core/BLOCK_004/index/index_metadata.rds",1340,""
"BLOCK_004","reverse",1,1,256,256,46800,"SOURCE_1","core/BLOCK_004/index/reverse_stripes/reverse_00001.tif",750582,""
"BLOCK_004","reverse",2,257,512,256,46800,"SOURCE_1","core/BLOCK_004/index/reverse_stripes/reverse_00002.tif",733422,""
"BLOCK_004","reverse",3,513,768,256,46800,"SOURCE_1","core/BLOCK_004/index/reverse_stripes/reverse_00003.tif",735662,""
"BLOCK_004","reverse",4,769,1024,256,46800,"SOURCE_1","core/BLOCK_004/index/reverse_stripes/reverse_00004.tif",735818,""
"BLOCK_004","reverse",5,1025,1280,256,46800,"SOURCE_1","core/BLOCK_004/index/reverse_stripes/reverse_00005.tif",728800,""
"BLOCK_004","reverse",6,1281,1536,256,46800,"SOURCE_1","core/BLOCK_004/index/reverse_stripes/reverse_00006.tif",717248,""
"BLOCK_004","reverse",7,1537,1792,256,46800,"SOURCE_1","core/BLOCK_004/index/reverse_stripes/reverse_00007.tif",710852,""
"BLOCK_004","reverse",8,1793,2048,256,46800,"SOURCE_1","core/BLOCK_004/index/reverse_stripes/reverse_00008.tif",708012,""
"BLOCK_004","reverse",9,2049,2304,256,46800,"SOURCE_1","core/BLOCK_004/index/reverse_stripes/reverse_00009.tif",707874,""
"BLOCK_004","reverse",10,2305,2560,256,46800,"SOURCE_1","core/BLOCK_004/index/reverse_stripes/reverse_00010.tif",711868,""
"BLOCK_004","reverse",11,2561,2816,256,46800,"SOURCE_1","core/BLOCK_004/index/reverse_stripes/reverse_00011.tif",713968,""
"BLOCK_004","reverse",12,2817,3072,256,46800,"SOURCE_1","core/BLOCK_004/index/reverse_stripes/reverse_00012.tif",712390,""
"BLOCK_004","reverse",13,3073,3328,256,46800,"SOURCE_1","core/BLOCK_004/index/reverse_stripes/reverse_00013.tif",723792,""
"BLOCK_004","reverse",14,3329,3584,256,46800,"SOURCE_1","core/BLOCK_004/index/reverse_stripes/reverse_00014.tif",740394,""
"BLOCK_004","reverse",15,3585,3840,256,46800,"SOURCE_1","core/BLOCK_004/index/reverse_stripes/reverse_00015.tif",1918312,""
"BLOCK_004","reverse",16,3841,4096,256,46800,"SOURCE_1","core/BLOCK_004/index/reverse_stripes/reverse_00016.tif",1996482,""
"BLOCK_004","reverse",17,4097,4352,256,46800,"SOURCE_1","core/BLOCK_004/index/reverse_stripes/reverse_00017.tif",1987808,""
"BLOCK_004","reverse",18,4353,4608,256,46800,"SOURCE_1","core/BLOCK_004/index/reverse_stripes/reverse_00018.tif",1995096,""
"BLOCK_004","reverse",19,4609,4864,256,46800,"SOURCE_1","core/BLOCK_004/index/reverse_stripes/reverse_00019.tif",1998810,""
"BLOCK_004","reverse",20,4865,5120,256,46800,"SOURCE_1","core/BLOCK_004/index/reverse_stripes/reverse_00020.tif",1985268,""
"BLOCK_004","reverse",21,5121,5376,256,46800,"SOURCE_1","core/BLOCK_004/index/reverse_stripes/reverse_00021.tif",1968016,""
"BLOCK_004","reverse",22,5377,5632,256,46800,"SOURCE_1","core/BLOCK_004/index/reverse_stripes/reverse_00022.tif",1964510,""
"BLOCK_004","reverse",23,5633,5888,256,46800,"SOURCE_1","core/BLOCK_004/index/reverse_stripes/reverse_00023.tif",1957076,""
"BLOCK_004","reverse",24,5889,6144,256,46800,"SOURCE_1","core/BLOCK_004/index/reverse_stripes/reverse_00024.tif",1975254,""
"BLOCK_004","reverse",25,6145,6400,256,46800,"SOURCE_1","core/BLOCK_004/index/reverse_stripes/reverse_00025.tif",1991194,""
"BLOCK_004","reverse",26,6401,6656,256,46800,"SOURCE_1","core/BLOCK_004/index/reverse_stripes/reverse_00026.tif",1987778,""
"BLOCK_004","reverse",27,6657,6912,256,46800,"SOURCE_1","core/BLOCK_004/index/reverse_stripes/reverse_00027.tif",1993240,""
"BLOCK_004","reverse",28,6913,7168,256,46800,"SOURCE_1","core/BLOCK_004/index/reverse_stripes/reverse_00028.tif",1989510,""
"BLOCK_004","reverse",29,7169,7424,256,46800,"SOURCE_1","core/BLOCK_004/index/reverse_stripes/reverse_00029.tif",2712868,""
"BLOCK_004","reverse",30,7425,7680,256,46800,"SOURCE_1","core/BLOCK_004/index/reverse_stripes/reverse_00030.tif",2787118,""
"BLOCK_004","reverse",31,7681,7936,256,46800,"SOURCE_1","core/BLOCK_004/index/reverse_stripes/reverse_00031.tif",2806926,""
"BLOCK_004","reverse",32,7937,8192,256,46800,"SOURCE_1","core/BLOCK_004/index/reverse_stripes/reverse_00032.tif",2804880,""
"BLOCK_004","reverse",33,8193,8448,256,46800,"SOURCE_1","core/BLOCK_004/index/reverse_stripes/reverse_00033.tif",2812458,""
"BLOCK_004","reverse",34,8449,8704,256,46800,"SOURCE_1","core/BLOCK_004/index/reverse_stripes/reverse_00034.tif",2795138,""
"BLOCK_004","reverse",35,8705,8960,256,46800,"SOURCE_1","core/BLOCK_004/index/reverse_stripes/reverse_00035.tif",2769220,""
"BLOCK_004","reverse",36,8961,9216,256,46800,"SOURCE_1","core/BLOCK_004/index/reverse_stripes/reverse_00036.tif",2763556,""
"BLOCK_004","reverse",37,9217,9472,256,46800,"SOURCE_1","core/BLOCK_004/index/reverse_stripes/reverse_00037.tif",2776114,""
"BLOCK_004","reverse",38,9473,9728,256,46800,"SOURCE_1","core/BLOCK_004/index/reverse_stripes/reverse_00038.tif",2810188,""
"BLOCK_004","reverse",39,9729,9984,256,46800,"SOURCE_1","core/BLOCK_004/index/reverse_stripes/reverse_00039.tif",2821534,""
"BLOCK_004","reverse",40,9985,10240,256,46800,"SOURCE_1","core/BLOCK_004/index/reverse_stripes/reverse_00040.tif",2821174,""
"BLOCK_004","reverse",41,10241,10496,256,46800,"SOURCE_1","core/BLOCK_004/index/reverse_stripes/reverse_00041.tif",2818218,""
"BLOCK_004","reverse",42,10497,10752,256,46800,"SOURCE_1","core/BLOCK_004/index/reverse_stripes/reverse_00042.tif",2814160,""
"BLOCK_004","reverse",43,10753,11008,256,46800,"SOURCE_1","core/BLOCK_004/index/reverse_stripes/reverse_00043.tif",3487798,""
"BLOCK_004","reverse",44,11009,11264,256,46800,"SOURCE_1","core/BLOCK_004/index/reverse_stripes/reverse_00044.tif",3658060,""
"BLOCK_004","reverse",45,11265,11520,256,46800,"SOURCE_1","core/BLOCK_004/index/reverse_stripes/reverse_00045.tif",3654238,""
"BLOCK_004","reverse",46,11521,11776,256,46800,"SOURCE_1","core/BLOCK_004/index/reverse_stripes/reverse_00046.tif",3654876,""
"BLOCK_004","reverse",47,11777,12032,256,46800,"SOURCE_1","core/BLOCK_004/index/reverse_stripes/reverse_00047.tif",3679934,""
"BLOCK_004","reverse",48,12033,12288,256,46800,"SOURCE_1","core/BLOCK_004/index/reverse_stripes/reverse_00048.tif",3656744,""
"BLOCK_004","reverse",49,12289,12544,256,46800,"SOURCE_1","core/BLOCK_004/index/reverse_stripes/reverse_00049.tif",3629990,""
"BLOCK_004","reverse",50,12545,12800,256,46800,"SOURCE_1","core/BLOCK_004/index/reverse_stripes/reverse_00050.tif",3662460,""
"BLOCK_004","reverse",51,12801,13056,256,46800,"SOURCE_1","core/BLOCK_004/index/reverse_stripes/reverse_00051.tif",3666692,""
"BLOCK_004","reverse",52,13057,13312,256,46800,"SOURCE_1","core/BLOCK_004/index/reverse_stripes/reverse_00052.tif",3682108,""
"BLOCK_004","reverse",53,13313,13568,256,46800,"SOURCE_1","core/BLOCK_004/index/reverse_stripes/reverse_00053.tif",3677998,""
"BLOCK_004","reverse",54,13569,13824,256,46800,"SOURCE_1","core/BLOCK_004/index/reverse_stripes/reverse_00054.tif",3676016,""
"BLOCK_004","reverse",55,13825,14080,256,46800,"SOURCE_1","core/BLOCK_004/index/reverse_stripes/reverse_00055.tif",3684038,""
"BLOCK_004","reverse",56,14081,14336,256,46800,"SOURCE_1","core/BLOCK_004/index/reverse_stripes/reverse_00056.tif",3688330,""
"BLOCK_004","reverse",57,14337,14592,256,46800,"SOURCE_1","core/BLOCK_004/index/reverse_stripes/reverse_00057.tif",4602864,""
"BLOCK_004","reverse",58,14593,14848,256,46800,"SOURCE_1","core/BLOCK_004/index/reverse_stripes/reverse_00058.tif",4900702,""
"BLOCK_004","reverse",59,14849,15104,256,46800,"SOURCE_1","core/BLOCK_004/index/reverse_stripes/reverse_00059.tif",4871668,""
"BLOCK_004","reverse",60,15105,15360,256,46800,"SOURCE_1","core/BLOCK_004/index/reverse_stripes/reverse_00060.tif",4862074,""
"BLOCK_004","reverse",61,15361,15616,256,46800,"SOURCE_1","core/BLOCK_004/index/reverse_stripes/reverse_00061.tif",4823502,""
"BLOCK_004","reverse",62,15617,15872,256,46800,"SOURCE_1","core/BLOCK_004/index/reverse_stripes/reverse_00062.tif",4810656,""
"BLOCK_004","reverse",63,15873,16128,256,46800,"SOURCE_1","core/BLOCK_004/index/reverse_stripes/reverse_00063.tif",4823848,""
"BLOCK_004","reverse",64,16129,16384,256,46800,"SOURCE_1","core/BLOCK_004/index/reverse_stripes/reverse_00064.tif",4849142,""
"BLOCK_004","reverse",65,16385,16640,256,46800,"SOURCE_1","core/BLOCK_004/index/reverse_stripes/reverse_00065.tif",4856118,""
"BLOCK_004","reverse",66,16641,16896,256,46800,"SOURCE_1","core/BLOCK_004/index/reverse_stripes/reverse_00066.tif",4837744,""
"BLOCK_004","reverse",67,16897,17152,256,46800,"SOURCE_1","core/BLOCK_004/index/reverse_stripes/reverse_00067.tif",4827336,""
"BLOCK_004","reverse",68,17153,17408,256,46800,"SOURCE_1","core/BLOCK_004/index/reverse_stripes/reverse_00068.tif",4846496,""
"BLOCK_004","reverse",69,17409,17664,256,46800,"SOURCE_1","core/BLOCK_004/index/reverse_stripes/reverse_00069.tif",4814944,""
"BLOCK_004","reverse",70,17665,17920,256,46800,"SOURCE_1","core/BLOCK_004/index/reverse_stripes/reverse_00070.tif",4792326,""
"BLOCK_004","reverse",71,17921,18176,256,46800,"SOURCE_1","core/BLOCK_004/index/reverse_stripes/reverse_00071.tif",5088896,""
"BLOCK_004","reverse",72,18177,18432,256,46800,"SOURCE_1","core/BLOCK_004/index/reverse_stripes/reverse_00072.tif",5252554,""
"BLOCK_004","reverse",73,18433,18688,256,46800,"SOURCE_1","core/BLOCK_004/index/reverse_stripes/reverse_00073.tif",5275976,""
"BLOCK_004","reverse",74,18689,18944,256,46800,"SOURCE_1","core/BLOCK_004/index/reverse_stripes/reverse_00074.tif",5305558,""
"BLOCK_004","reverse",75,18945,19200,256,46800,"SOURCE_1","core/BLOCK_004/index/reverse_stripes/reverse_00075.tif",5280452,""
"BLOCK_004","reverse",76,19201,19456,256,46800,"SOURCE_1","core/BLOCK_004/index/reverse_stripes/reverse_00076.tif",5208746,""
"BLOCK_004","reverse",77,19457,19712,256,46800,"SOURCE_1","core/BLOCK_004/index/reverse_stripes/reverse_00077.tif",5181790,""
"BLOCK_004","reverse",78,19713,19968,256,46800,"SOURCE_1","core/BLOCK_004/index/reverse_stripes/reverse_00078.tif",5239478,""
"BLOCK_004","reverse",79,19969,20224,256,46800,"SOURCE_1","core/BLOCK_004/index/reverse_stripes/reverse_00079.tif",5288056,""
"BLOCK_004","reverse",80,20225,20480,256,46800,"SOURCE_1","core/BLOCK_004/index/reverse_stripes/reverse_00080.tif",5308934,""
"BLOCK_004","reverse",81,20481,20736,256,46800,"SOURCE_1","core/BLOCK_004/index/reverse_stripes/reverse_00081.tif",5301670,""
"BLOCK_004","reverse",82,20737,20992,256,46800,"SOURCE_1","core/BLOCK_004/index/reverse_stripes/reverse_00082.tif",5264922,""
"BLOCK_004","reverse",83,20993,21248,256,46800,"SOURCE_1","core/BLOCK_004/index/reverse_stripes/reverse_00083.tif",5196378,""
"BLOCK_004","reverse",84,21249,21504,256,46800,"SOURCE_1","core/BLOCK_004/index/reverse_stripes/reverse_00084.tif",5231008,""
"BLOCK_004","reverse",85,21505,21760,256,46800,"SOURCE_1","core/BLOCK_004/index/reverse_stripes/reverse_00085.tif",4756984,""
"BLOCK_004","reverse",86,21761,22016,256,46800,"SOURCE_1","core/BLOCK_004/index/reverse_stripes/reverse_00086.tif",4418814,""
"BLOCK_004","reverse",87,22017,22272,256,46800,"SOURCE_1","core/BLOCK_004/index/reverse_stripes/reverse_00087.tif",4383762,""
"BLOCK_004","reverse",88,22273,22528,256,46800,"SOURCE_1","core/BLOCK_004/index/reverse_stripes/reverse_00088.tif",4394874,""
"BLOCK_004","reverse",89,22529,22784,256,46800,"SOURCE_1","core/BLOCK_004/index/reverse_stripes/reverse_00089.tif",4396756,""
"BLOCK_004","reverse",90,22785,23040,256,46800,"SOURCE_1","core/BLOCK_004/index/reverse_stripes/reverse_00090.tif",4389958,""
"BLOCK_004","reverse",91,23041,23296,256,46800,"SOURCE_1","core/BLOCK_004/index/reverse_stripes/reverse_00091.tif",4413992,""
"BLOCK_004","reverse",92,23297,23552,256,46800,"SOURCE_1","core/BLOCK_004/index/reverse_stripes/reverse_00092.tif",4396720,""
"BLOCK_004","reverse",93,23553,23808,256,46800,"SOURCE_1","core/BLOCK_004/index/reverse_stripes/reverse_00093.tif",4411118,""
"BLOCK_004","reverse",94,23809,24064,256,46800,"SOURCE_1","core/BLOCK_004/index/reverse_stripes/reverse_00094.tif",4409072,""
"BLOCK_004","reverse",95,24065,24320,256,46800,"SOURCE_1","core/BLOCK_004/index/reverse_stripes/reverse_00095.tif",4395156,""
"BLOCK_004","reverse",96,24321,24576,256,46800,"SOURCE_1","core/BLOCK_004/index/reverse_stripes/reverse_00096.tif",4389324,""
"BLOCK_004","reverse",97,24577,24832,256,46800,"SOURCE_1","core/BLOCK_004/index/reverse_stripes/reverse_00097.tif",4405378,""
"BLOCK_004","reverse",98,24833,25088,256,46800,"SOURCE_1","core/BLOCK_004/index/reverse_stripes/reverse_00098.tif",4420736,""
"BLOCK_004","reverse",99,25089,25344,256,46800,"SOURCE_1","core/BLOCK_004/index/reverse_stripes/reverse_00099.tif",4389638,""
"BLOCK_004","reverse",100,25345,25600,256,46800,"SOURCE_1","core/BLOCK_004/index/reverse_stripes/reverse_00100.tif",4402960,""
"BLOCK_004","reverse",101,25601,25856,256,46800,"SOURCE_1","core/BLOCK_004/index/reverse_stripes/reverse_00101.tif",4412500,""
"BLOCK_004","reverse",102,25857,26112,256,46800,"SOURCE_1","core/BLOCK_004/index/reverse_stripes/reverse_00102.tif",4409128,""
"BLOCK_004","reverse",103,26113,26368,256,46800,"SOURCE_1","core/BLOCK_004/index/reverse_stripes/reverse_00103.tif",4405168,""
"BLOCK_004","reverse",104,26369,26624,256,46800,"SOURCE_1","core/BLOCK_004/index/reverse_stripes/reverse_00104.tif",4395488,""
"BLOCK_004","reverse",105,26625,26880,256,46800,"SOURCE_1","core/BLOCK_004/index/reverse_stripes/reverse_00105.tif",4378266,""
"BLOCK_004","reverse",106,26881,27136,256,46800,"SOURCE_1","core/BLOCK_004/index/reverse_stripes/reverse_00106.tif",4353196,""
"BLOCK_004","reverse",107,27137,27392,256,46800,"SOURCE_1","core/BLOCK_004/index/reverse_stripes/reverse_00107.tif",4356574,""
"BLOCK_004","reverse",108,27393,27648,256,46800,"SOURCE_1","core/BLOCK_004/index/reverse_stripes/reverse_00108.tif",4366912,""
"BLOCK_004","reverse",109,27649,27904,256,46800,"SOURCE_1","core/BLOCK_004/index/reverse_stripes/reverse_00109.tif",4388162,""
"BLOCK_004","reverse",110,27905,28160,256,46800,"SOURCE_1","core/BLOCK_004/index/reverse_stripes/reverse_00110.tif",4378416,""
"BLOCK_004","reverse",111,28161,28416,256,46800,"SOURCE_1","core/BLOCK_004/index/reverse_stripes/reverse_00111.tif",4366686,""
"BLOCK_004","reverse",112,28417,28672,256,46800,"SOURCE_1","core/BLOCK_004/index/reverse_stripes/reverse_00112.tif",4350362,""
"BLOCK_004","reverse",113,28673,28928,256,46800,"SOURCE_1","core/BLOCK_004/index/reverse_stripes/reverse_00113.tif",4128624,""
"BLOCK_004","reverse",114,28929,29184,256,46800,"SOURCE_1","core/BLOCK_004/index/reverse_stripes/reverse_00114.tif",3903662,""
"BLOCK_004","reverse",115,29185,29440,256,46800,"SOURCE_1","core/BLOCK_004/index/reverse_stripes/reverse_00115.tif",3900494,""
"BLOCK_004","reverse",116,29441,29696,256,46800,"SOURCE_1","core/BLOCK_004/index/reverse_stripes/reverse_00116.tif",3902958,""
"BLOCK_004","reverse",117,29697,29952,256,46800,"SOURCE_1","core/BLOCK_004/index/reverse_stripes/reverse_00117.tif",3880222,""
"BLOCK_004","reverse",118,29953,30208,256,46800,"SOURCE_1","core/BLOCK_004/index/reverse_stripes/reverse_00118.tif",3861888,""
"BLOCK_004","reverse",119,30209,30464,256,46800,"SOURCE_1","core/BLOCK_004/index/reverse_stripes/reverse_00119.tif",3871152,""
"BLOCK_004","reverse",120,30465,30720,256,46800,"SOURCE_1","core/BLOCK_004/index/reverse_stripes/reverse_00120.tif",3879502,""
"BLOCK_004","reverse",121,30721,30976,256,46800,"SOURCE_1","core/BLOCK_004/index/reverse_stripes/reverse_00121.tif",3869962,""
"BLOCK_004","reverse",122,30977,31232,256,46800,"SOURCE_1","core/BLOCK_004/index/reverse_stripes/reverse_00122.tif",3858412,""
"BLOCK_004","reverse",123,31233,31488,256,46800,"SOURCE_1","core/BLOCK_004/index/reverse_stripes/reverse_00123.tif",3856414,""
"BLOCK_004","reverse",124,31489,31744,256,46800,"SOURCE_1","core/BLOCK_004/index/reverse_stripes/reverse_00124.tif",3826856,""
"BLOCK_004","reverse",125,31745,32000,256,46800,"SOURCE_1","core/BLOCK_004/index/reverse_stripes/reverse_00125.tif",3829020,""
"BLOCK_004","reverse",126,32001,32256,256,46800,"SOURCE_1","core/BLOCK_004/index/reverse_stripes/reverse_00126.tif",3807806,""
"BLOCK_004","reverse",127,32257,32512,256,46800,"SOURCE_1","core/BLOCK_004/index/reverse_stripes/reverse_00127.tif",3498832,""
"BLOCK_004","reverse",128,32513,32768,256,46800,"SOURCE_1","core/BLOCK_004/index/reverse_stripes/reverse_00128.tif",3091140,""
"BLOCK_004","reverse",129,32769,33024,256,46800,"SOURCE_1","core/BLOCK_004/index/reverse_stripes/reverse_00129.tif",3084192,""
"BLOCK_004","reverse",130,33025,33280,256,46800,"SOURCE_1","core/BLOCK_004/index/reverse_stripes/reverse_00130.tif",3068654,""
"BLOCK_004","reverse",131,33281,33536,256,46800,"SOURCE_1","core/BLOCK_004/index/reverse_stripes/reverse_00131.tif",3065710,""
"BLOCK_004","reverse",132,33537,33792,256,46800,"SOURCE_1","core/BLOCK_004/index/reverse_stripes/reverse_00132.tif",3077056,""
"BLOCK_004","reverse",133,33793,34048,256,46800,"SOURCE_1","core/BLOCK_004/index/reverse_stripes/reverse_00133.tif",3072294,""
"BLOCK_004","reverse",134,34049,34304,256,46800,"SOURCE_1","core/BLOCK_004/index/reverse_stripes/reverse_00134.tif",3081492,""
"BLOCK_004","reverse",135,34305,34560,256,46800,"SOURCE_1","core/BLOCK_004/index/reverse_stripes/reverse_00135.tif",3093158,""
"BLOCK_004","reverse",136,34561,34816,256,46800,"SOURCE_1","core/BLOCK_004/index/reverse_stripes/reverse_00136.tif",3069972,""
"BLOCK_004","reverse",137,34817,35072,256,46800,"SOURCE_1","core/BLOCK_004/index/reverse_stripes/reverse_00137.tif",3079052,""
"BLOCK_004","reverse",138,35073,35328,256,46800,"SOURCE_1","core/BLOCK_004/index/reverse_stripes/reverse_00138.tif",3070416,""
"BLOCK_004","reverse",139,35329,35584,256,46800,"SOURCE_1","core/BLOCK_004/index/reverse_stripes/reverse_00139.tif",3069472,""
"BLOCK_004","reverse",140,35585,35840,256,46800,"SOURCE_1","core/BLOCK_004/index/reverse_stripes/reverse_00140.tif",3068694,""
"BLOCK_004","reverse",141,35841,36096,256,46800,"SOURCE_1","core/BLOCK_004/index/reverse_stripes/reverse_00141.tif",2924930,""
"BLOCK_004","reverse",142,36097,36352,256,46800,"SOURCE_1","core/BLOCK_004/index/reverse_stripes/reverse_00142.tif",2650386,""
"BLOCK_004","reverse",143,36353,36608,256,46800,"SOURCE_1","core/BLOCK_004/index/reverse_stripes/reverse_00143.tif",2646340,""
"BLOCK_004","reverse",144,36609,36864,256,46800,"SOURCE_1","core/BLOCK_004/index/reverse_stripes/reverse_00144.tif",2635600,""
"BLOCK_004","reverse",145,36865,37120,256,46800,"SOURCE_1","core/BLOCK_004/index/reverse_stripes/reverse_00145.tif",2621408,""
"BLOCK_004","reverse",146,37121,37376,256,46800,"SOURCE_1","core/BLOCK_004/index/reverse_stripes/reverse_00146.tif",2621226,""
"BLOCK_004","reverse",147,37377,37632,256,46800,"SOURCE_1","core/BLOCK_004/index/reverse_stripes/reverse_00147.tif",2598956,""
"BLOCK_004","reverse",148,37633,37888,256,46800,"SOURCE_1","core/BLOCK_004/index/reverse_stripes/reverse_00148.tif",2592624,""
"BLOCK_004","reverse",149,37889,38144,256,46800,"SOURCE_1","core/BLOCK_004/index/reverse_stripes/reverse_00149.tif",2577812,""
"BLOCK_004","reverse",150,38145,38400,256,46800,"SOURCE_1","core/BLOCK_004/index/reverse_stripes/reverse_00150.tif",2568442,""
"BLOCK_004","reverse",151,38401,38656,256,46800,"SOURCE_1","core/BLOCK_004/index/reverse_stripes/reverse_00151.tif",2562282,""
"BLOCK_004","reverse",152,38657,38912,256,46800,"SOURCE_1","core/BLOCK_004/index/reverse_stripes/reverse_00152.tif",2556182,""
"BLOCK_004","reverse",153,38913,39168,256,46800,"SOURCE_1","core/BLOCK_004/index/reverse_stripes/reverse_00153.tif",2533788,""
"BLOCK_004","reverse",154,39169,39424,256,46800,"SOURCE_1","core/BLOCK_004/index/reverse_stripes/reverse_00154.tif",2514760,""
"BLOCK_004","reverse",155,39425,39680,256,46800,"SOURCE_1","core/BLOCK_004/index/reverse_stripes/reverse_00155.tif",2436138,""
"BLOCK_004","reverse",156,39681,39936,256,46800,"SOURCE_1","core/BLOCK_004/index/reverse_stripes/reverse_00156.tif",2303986,""
"BLOCK_004","reverse",157,39937,40192,256,46800,"SOURCE_1","core/BLOCK_004/index/reverse_stripes/reverse_00157.tif",2283418,""
"BLOCK_004","reverse",158,40193,40448,256,46800,"SOURCE_1","core/BLOCK_004/index/reverse_stripes/reverse_00158.tif",2279958,""
"BLOCK_004","reverse",159,40449,40704,256,46800,"SOURCE_1","core/BLOCK_004/index/reverse_stripes/reverse_00159.tif",2253808,""
"BLOCK_004","reverse",160,40705,40960,256,46800,"SOURCE_1","core/BLOCK_004/index/reverse_stripes/reverse_00160.tif",2231848,""
"BLOCK_004","reverse",161,40961,41216,256,46800,"SOURCE_1","core/BLOCK_004/index/reverse_stripes/reverse_00161.tif",2207502,""
"BLOCK_004","reverse",162,41217,41472,256,46800,"SOURCE_1","core/BLOCK_004/index/reverse_stripes/reverse_00162.tif",2211876,""
"BLOCK_004","reverse",163,41473,41728,256,46800,"SOURCE_1","core/BLOCK_004/index/reverse_stripes/reverse_00163.tif",2212618,""
"BLOCK_004","reverse",164,41729,41984,256,46800,"SOURCE_1","core/BLOCK_004/index/reverse_stripes/reverse_00164.tif",2207472,""
"BLOCK_004","reverse",165,41985,42240,256,46800,"SOURCE_1","core/BLOCK_004/index/reverse_stripes/reverse_00165.tif",2194502,""
"BLOCK_004","reverse",166,42241,42496,256,46800,"SOURCE_1","core/BLOCK_004/index/reverse_stripes/reverse_00166.tif",2190756,""
"BLOCK_004","reverse",167,42497,42752,256,46800,"SOURCE_1","core/BLOCK_004/index/reverse_stripes/reverse_00167.tif",2172188,""
"BLOCK_004","reverse",168,42753,43008,256,46800,"SOURCE_1","core/BLOCK_004/index/reverse_stripes/reverse_00168.tif",2197312,""
"BLOCK_004","reverse",169,43009,43264,256,46800,"SOURCE_1","core/BLOCK_004/index/reverse_stripes/reverse_00169.tif",2193350,""
"BLOCK_004","reverse",170,43265,43520,256,46800,"SOURCE_1","core/BLOCK_004/index/reverse_stripes/reverse_00170.tif",2190360,""
"BLOCK_004","reverse",171,43521,43776,256,46800,"SOURCE_1","core/BLOCK_004/index/reverse_stripes/reverse_00171.tif",2184410,""
"BLOCK_004","reverse",172,43777,44032,256,46800,"SOURCE_1","core/BLOCK_004/index/reverse_stripes/reverse_00172.tif",2168336,""
"BLOCK_004","reverse",173,44033,44288,256,46800,"SOURCE_1","core/BLOCK_004/index/reverse_stripes/reverse_00173.tif",2172008,""
"BLOCK_004","reverse",174,44289,44544,256,46800,"SOURCE_1","core/BLOCK_004/index/reverse_stripes/reverse_00174.tif",2169150,""
"BLOCK_004","reverse",175,44545,44800,256,46800,"SOURCE_1","core/BLOCK_004/index/reverse_stripes/reverse_00175.tif",2163842,""
"BLOCK_004","reverse",176,44801,45056,256,46800,"SOURCE_1","core/BLOCK_004/index/reverse_stripes/reverse_00176.tif",2153216,""
"BLOCK_004","reverse",177,45057,45312,256,46800,"SOURCE_1","core/BLOCK_004/index/reverse_stripes/reverse_00177.tif",2132152,""
"BLOCK_004","reverse",178,45313,45568,256,46800,"SOURCE_1","core/BLOCK_004/index/reverse_stripes/reverse_00178.tif",2118568,""
"BLOCK_004","reverse",179,45569,45824,256,46800,"SOURCE_1","core/BLOCK_004/index/reverse_stripes/reverse_00179.tif",2079444,""
"BLOCK_004","reverse",180,45825,46080,256,46800,"SOURCE_1","core/BLOCK_004/index/reverse_stripes/reverse_00180.tif",2053046,""
"BLOCK_004","reverse",181,46081,46336,256,46800,"SOURCE_1","core/BLOCK_004/index/reverse_stripes/reverse_00181.tif",2023316,""
"BLOCK_004","reverse",182,46337,46592,256,46800,"SOURCE_1","core/BLOCK_004/index/reverse_stripes/reverse_00182.tif",2025182,""
"BLOCK_004","reverse",183,46593,46848,256,46800,"SOURCE_1","core/BLOCK_004/index/reverse_stripes/reverse_00183.tif",1969302,""
"BLOCK_004","reverse",184,46849,47104,256,46800,"SOURCE_1","core/BLOCK_004/index/reverse_stripes/reverse_00184.tif",1792828,""
"BLOCK_004","reverse",185,47105,47360,256,46800,"SOURCE_1","core/BLOCK_004/index/reverse_stripes/reverse_00185.tif",1800690,""
"BLOCK_004","reverse",186,47361,47616,256,46800,"SOURCE_1","core/BLOCK_004/index/reverse_stripes/reverse_00186.tif",1795292,""
"BLOCK_004","reverse",187,47617,47872,256,46800,"SOURCE_1","core/BLOCK_004/index/reverse_stripes/reverse_00187.tif",1772730,""
"BLOCK_004","reverse",188,47873,48128,256,46800,"SOURCE_1","core/BLOCK_004/index/reverse_stripes/reverse_00188.tif",1767852,""
"BLOCK_004","reverse",189,48129,48384,256,46800,"SOURCE_1","core/BLOCK_004/index/reverse_stripes/reverse_00189.tif",1753560,""
"BLOCK_004","reverse",190,48385,48640,256,46800,"SOURCE_1","core/BLOCK_004/index/reverse_stripes/reverse_00190.tif",1746540,""
"BLOCK_004","reverse",191,48641,48896,256,46800,"SOURCE_1","core/BLOCK_004/index/reverse_stripes/reverse_00191.tif",1745784,""
"BLOCK_004","reverse",192,48897,49152,256,46800,"SOURCE_1","core/BLOCK_004/index/reverse_stripes/reverse_00192.tif",1727262,""
"BLOCK_004","reverse",193,49153,49408,256,46800,"SOURCE_1","core/BLOCK_004/index/reverse_stripes/reverse_00193.tif",1713846,""
"BLOCK_004","reverse",194,49409,49664,256,46800,"SOURCE_1","core/BLOCK_004/index/reverse_stripes/reverse_00194.tif",1715020,""
"BLOCK_004","reverse",195,49665,49920,256,46800,"SOURCE_1","core/BLOCK_004/index/reverse_stripes/reverse_00195.tif",1701288,""
"BLOCK_004","reverse",196,49921,50176,256,46800,"SOURCE_1","core/BLOCK_004/index/reverse_stripes/reverse_00196.tif",1687266,""
"BLOCK_004","reverse",197,50177,50432,256,46800,"SOURCE_1","core/BLOCK_004/index/reverse_stripes/reverse_00197.tif",1683068,""
"BLOCK_004","reverse",198,50433,50688,256,46800,"SOURCE_1","core/BLOCK_004/index/reverse_stripes/reverse_00198.tif",1750978,""
"BLOCK_004","reverse",199,50689,50944,256,46800,"SOURCE_1","core/BLOCK_004/index/reverse_stripes/reverse_00199.tif",1742098,""
"BLOCK_004","reverse",200,50945,51200,256,46800,"SOURCE_1","core/BLOCK_004/index/reverse_stripes/reverse_00200.tif",1717332,""
"BLOCK_004","reverse",201,51201,51456,256,46800,"SOURCE_1","core/BLOCK_004/index/reverse_stripes/reverse_00201.tif",1652630,""
"BLOCK_004","reverse",202,51457,51712,256,46800,"SOURCE_1","core/BLOCK_004/index/reverse_stripes/reverse_00202.tif",1650900,""
"BLOCK_004","reverse",203,51713,51968,256,46800,"SOURCE_1","core/BLOCK_004/index/reverse_stripes/reverse_00203.tif",1617208,""
"BLOCK_004","reverse",204,51969,52224,256,46800,"SOURCE_1","core/BLOCK_004/index/reverse_stripes/reverse_00204.tif",1598896,""
"BLOCK_004","reverse",205,52225,52480,256,46800,"SOURCE_1","core/BLOCK_004/index/reverse_stripes/reverse_00205.tif",1579496,""
"BLOCK_004","reverse",206,52481,52736,256,46800,"SOURCE_1","core/BLOCK_004/index/reverse_stripes/reverse_00206.tif",1589482,""
"BLOCK_004","reverse",207,52737,52992,256,46800,"SOURCE_1","core/BLOCK_004/index/reverse_stripes/reverse_00207.tif",1598346,""
"BLOCK_004","reverse",208,52993,53248,256,46800,"SOURCE_1","core/BLOCK_004/index/reverse_stripes/reverse_00208.tif",1607240,""
"BLOCK_004","reverse",209,53249,53504,256,46800,"SOURCE_1","core/BLOCK_004/index/reverse_stripes/reverse_00209.tif",1597266,""
"BLOCK_004","reverse",210,53505,53760,256,46800,"SOURCE_1","core/BLOCK_004/index/reverse_stripes/reverse_00210.tif",1581284,""
"BLOCK_004","reverse",211,53761,54016,256,46800,"SOURCE_1","core/BLOCK_004/index/reverse_stripes/reverse_00211.tif",1601234,""
"BLOCK_004","reverse",212,54017,54272,256,46800,"SOURCE_1","core/BLOCK_004/index/reverse_stripes/reverse_00212.tif",1942410,""
"BLOCK_004","reverse",213,54273,54528,256,46800,"SOURCE_1","core/BLOCK_004/index/reverse_stripes/reverse_00213.tif",1903802,""
"BLOCK_004","reverse",214,54529,54784,256,46800,"SOURCE_1","core/BLOCK_004/index/reverse_stripes/reverse_00214.tif",1875208,""
"BLOCK_004","reverse",215,54785,55040,256,46800,"SOURCE_1","core/BLOCK_004/index/reverse_stripes/reverse_00215.tif",1860550,""
"BLOCK_004","reverse",216,55041,55296,256,46800,"SOURCE_1","core/BLOCK_004/index/reverse_stripes/reverse_00216.tif",1841908,""
"BLOCK_004","reverse",217,55297,55552,256,46800,"SOURCE_1","core/BLOCK_004/index/reverse_stripes/reverse_00217.tif",1826230,""
"BLOCK_004","reverse",218,55553,55808,256,46800,"SOURCE_1","core/BLOCK_004/index/reverse_stripes/reverse_00218.tif",1827338,""
"BLOCK_004","reverse",219,55809,56064,256,46800,"SOURCE_1","core/BLOCK_004/index/reverse_stripes/reverse_00219.tif",1834198,""
"BLOCK_004","reverse",220,56065,56320,256,46800,"SOURCE_1","core/BLOCK_004/index/reverse_stripes/reverse_00220.tif",1811410,""
"BLOCK_004","reverse",221,56321,56576,256,46800,"SOURCE_1","core/BLOCK_004/index/reverse_stripes/reverse_00221.tif",1814942,""
"BLOCK_004","reverse",222,56577,56832,256,46800,"SOURCE_1","core/BLOCK_004/index/reverse_stripes/reverse_00222.tif",1824242,""
"BLOCK_004","reverse",223,56833,57088,256,46800,"SOURCE_1","core/BLOCK_004/index/reverse_stripes/reverse_00223.tif",1830506,""
"BLOCK_004","reverse",224,57089,57344,256,46800,"SOURCE_1","core/BLOCK_004/index/reverse_stripes/reverse_00224.tif",1840642,""
"BLOCK_004","reverse",225,57345,57600,256,46800,"SOURCE_1","core/BLOCK_004/index/reverse_stripes/reverse_00225.tif",1840252,""
"BLOCK_004","reverse",226,57601,57856,256,46800,"SOURCE_1","core/BLOCK_004/index/reverse_stripes/reverse_00226.tif",1494502,""
"BLOCK_004","reverse",227,57857,58112,256,46800,"SOURCE_1","core/BLOCK_004/index/reverse_stripes/reverse_00227.tif",1493430,""
"BLOCK_004","reverse",228,58113,58368,256,46800,"SOURCE_1","core/BLOCK_004/index/reverse_stripes/reverse_00228.tif",1484626,""
"BLOCK_004","reverse",229,58369,58624,256,46800,"SOURCE_1","core/BLOCK_004/index/reverse_stripes/reverse_00229.tif",1498964,""
"BLOCK_004","reverse",230,58625,58880,256,46800,"SOURCE_1","core/BLOCK_004/index/reverse_stripes/reverse_00230.tif",1509674,""
"BLOCK_004","reverse",231,58881,59136,256,46800,"SOURCE_1","core/BLOCK_004/index/reverse_stripes/reverse_00231.tif",1521460,""
"BLOCK_004","reverse",232,59137,59392,256,46800,"SOURCE_1","core/BLOCK_004/index/reverse_stripes/reverse_00232.tif",1498784,""
"BLOCK_004","reverse",233,59393,59648,256,46800,"SOURCE_1","core/BLOCK_004/index/reverse_stripes/reverse_00233.tif",1506924,""
"BLOCK_004","reverse",234,59649,59904,256,46800,"SOURCE_1","core/BLOCK_004/index/reverse_stripes/reverse_00234.tif",1533660,""
"BLOCK_004","reverse",235,59905,60160,256,46800,"SOURCE_1","core/BLOCK_004/index/reverse_stripes/reverse_00235.tif",1539710,""
"BLOCK_004","reverse",236,60161,60416,256,46800,"SOURCE_1","core/BLOCK_004/index/reverse_stripes/reverse_00236.tif",1533910,""
"BLOCK_004","reverse",237,60417,60672,256,46800,"SOURCE_1","core/BLOCK_004/index/reverse_stripes/reverse_00237.tif",1520064,""
"BLOCK_004","reverse",238,60673,60928,256,46800,"SOURCE_1","core/BLOCK_004/index/reverse_stripes/reverse_00238.tif",1517254,""
"BLOCK_004","reverse",239,60929,61184,256,46800,"SOURCE_1","core/BLOCK_004/index/reverse_stripes/reverse_00239.tif",1531072,""
"BLOCK_004","reverse",240,61185,61440,256,46800,"SOURCE_1","core/BLOCK_004/index/reverse_stripes/reverse_00240.tif",971512,""
"BLOCK_004","reverse",241,61441,61696,256,46800,"SOURCE_1","core/BLOCK_004/index/reverse_stripes/reverse_00241.tif",910852,""
"BLOCK_004","reverse",242,61697,61952,256,46800,"SOURCE_1","core/BLOCK_004/index/reverse_stripes/reverse_00242.tif",912340,""
"BLOCK_004","reverse",243,61953,62208,256,46800,"SOURCE_1","core/BLOCK_004/index/reverse_stripes/reverse_00243.tif",941406,""
"BLOCK_004","reverse",244,62209,62464,256,46800,"SOURCE_1","core/BLOCK_004/index/reverse_stripes/reverse_00244.tif",914800,""
"BLOCK_004","reverse",245,62465,62720,256,46800,"SOURCE_1","core/BLOCK_004/index/reverse_stripes/reverse_00245.tif",919740,""
"BLOCK_004","reverse",246,62721,62976,256,46800,"SOURCE_1","core/BLOCK_004/index/reverse_stripes/reverse_00246.tif",926192,""
"BLOCK_004","reverse",247,62977,63232,256,46800,"SOURCE_1","core/BLOCK_004/index/reverse_stripes/reverse_00247.tif",906302,""
"BLOCK_004","reverse",248,63233,63488,256,46800,"SOURCE_1","core/BLOCK_004/index/reverse_stripes/reverse_00248.tif",891384,""
"BLOCK_004","reverse",249,63489,63744,256,46800,"SOURCE_1","core/BLOCK_004/index/reverse_stripes/reverse_00249.tif",901686,""
"BLOCK_004","reverse",250,63745,64000,256,46800,"SOURCE_1","core/BLOCK_004/index/reverse_stripes/reverse_00250.tif",871794,""
"BLOCK_004","reverse",251,64001,64256,256,46800,"SOURCE_1","core/BLOCK_004/index/reverse_stripes/reverse_00251.tif",896550,""
"BLOCK_004","reverse",252,64257,64512,256,46800,"SOURCE_1","core/BLOCK_004/index/reverse_stripes/reverse_00252.tif",897926,""
"BLOCK_004","reverse",253,64513,64768,256,46800,"SOURCE_1","core/BLOCK_004/index/reverse_stripes/reverse_00253.tif",910036,""
"BLOCK_004","reverse",254,64769,64800,32,46800,"SOURCE_1","core/BLOCK_004/index/reverse_stripes/reverse_00254.tif",146460,""
"BLOCK_004","run_info",NA,NA,NA,NA,NA,"SOURCE_1","core/BLOCK_004/run_info.csv",4449,""
"BLOCK_004","stream",1,1,256,256,46800,"SOURCE_1","core/BLOCK_004/index/stream_stripes/stream_00001.tif",32530,""
"BLOCK_004","stream",2,257,512,256,46800,"SOURCE_1","core/BLOCK_004/index/stream_stripes/stream_00002.tif",39424,""
"BLOCK_004","stream",3,513,768,256,46800,"SOURCE_1","core/BLOCK_004/index/stream_stripes/stream_00003.tif",36310,""
"BLOCK_004","stream",4,769,1024,256,46800,"SOURCE_1","core/BLOCK_004/index/stream_stripes/stream_00004.tif",36920,""
"BLOCK_004","stream",5,1025,1280,256,46800,"SOURCE_1","core/BLOCK_004/index/stream_stripes/stream_00005.tif",37304,""
"BLOCK_004","stream",6,1281,1536,256,46800,"SOURCE_1","core/BLOCK_004/index/stream_stripes/stream_00006.tif",35912,""
"BLOCK_004","stream",7,1537,1792,256,46800,"SOURCE_1","core/BLOCK_004/index/stream_stripes/stream_00007.tif",35178,""
"BLOCK_004","stream",8,1793,2048,256,46800,"SOURCE_1","core/BLOCK_004/index/stream_stripes/stream_00008.tif",38460,""
"BLOCK_004","stream",9,2049,2304,256,46800,"SOURCE_1","core/BLOCK_004/index/stream_stripes/stream_00009.tif",35834,""
"BLOCK_004","stream",10,2305,2560,256,46800,"SOURCE_1","core/BLOCK_004/index/stream_stripes/stream_00010.tif",35854,""
"BLOCK_004","stream",11,2561,2816,256,46800,"SOURCE_1","core/BLOCK_004/index/stream_stripes/stream_00011.tif",34332,""
"BLOCK_004","stream",12,2817,3072,256,46800,"SOURCE_1","core/BLOCK_004/index/stream_stripes/stream_00012.tif",35384,""
"BLOCK_004","stream",13,3073,3328,256,46800,"SOURCE_1","core/BLOCK_004/index/stream_stripes/stream_00013.tif",36082,""
"BLOCK_004","stream",14,3329,3584,256,46800,"SOURCE_1","core/BLOCK_004/index/stream_stripes/stream_00014.tif",37684,""
"BLOCK_004","stream",15,3585,3840,256,46800,"SOURCE_1","core/BLOCK_004/index/stream_stripes/stream_00015.tif",53954,""
"BLOCK_004","stream",16,3841,4096,256,46800,"SOURCE_1","core/BLOCK_004/index/stream_stripes/stream_00016.tif",64388,""
"BLOCK_004","stream",17,4097,4352,256,46800,"SOURCE_1","core/BLOCK_004/index/stream_stripes/stream_00017.tif",68100,""
"BLOCK_004","stream",18,4353,4608,256,46800,"SOURCE_1","core/BLOCK_004/index/stream_stripes/stream_00018.tif",65010,""
"BLOCK_004","stream",19,4609,4864,256,46800,"SOURCE_1","core/BLOCK_004/index/stream_stripes/stream_00019.tif",68066,""
"BLOCK_004","stream",20,4865,5120,256,46800,"SOURCE_1","core/BLOCK_004/index/stream_stripes/stream_00020.tif",65286,""
"BLOCK_004","stream",21,5121,5376,256,46800,"SOURCE_1","core/BLOCK_004/index/stream_stripes/stream_00021.tif",66158,""
"BLOCK_004","stream",22,5377,5632,256,46800,"SOURCE_1","core/BLOCK_004/index/stream_stripes/stream_00022.tif",67048,""
"BLOCK_004","stream",23,5633,5888,256,46800,"SOURCE_1","core/BLOCK_004/index/stream_stripes/stream_00023.tif",65792,""
"BLOCK_004","stream",24,5889,6144,256,46800,"SOURCE_1","core/BLOCK_004/index/stream_stripes/stream_00024.tif",63880,""
"BLOCK_004","stream",25,6145,6400,256,46800,"SOURCE_1","core/BLOCK_004/index/stream_stripes/stream_00025.tif",66160,""
"BLOCK_004","stream",26,6401,6656,256,46800,"SOURCE_1","core/BLOCK_004/index/stream_stripes/stream_00026.tif",63608,""
"BLOCK_004","stream",27,6657,6912,256,46800,"SOURCE_1","core/BLOCK_004/index/stream_stripes/stream_00027.tif",59500,""
"BLOCK_004","stream",28,6913,7168,256,46800,"SOURCE_1","core/BLOCK_004/index/stream_stripes/stream_00028.tif",65270,""
"BLOCK_004","stream",29,7169,7424,256,46800,"SOURCE_1","core/BLOCK_004/index/stream_stripes/stream_00029.tif",76654,""
"BLOCK_004","stream",30,7425,7680,256,46800,"SOURCE_1","core/BLOCK_004/index/stream_stripes/stream_00030.tif",86982,""
"BLOCK_004","stream",31,7681,7936,256,46800,"SOURCE_1","core/BLOCK_004/index/stream_stripes/stream_00031.tif",81432,""
"BLOCK_004","stream",32,7937,8192,256,46800,"SOURCE_1","core/BLOCK_004/index/stream_stripes/stream_00032.tif",86052,""
"BLOCK_004","stream",33,8193,8448,256,46800,"SOURCE_1","core/BLOCK_004/index/stream_stripes/stream_00033.tif",81484,""
"BLOCK_004","stream",34,8449,8704,256,46800,"SOURCE_1","core/BLOCK_004/index/stream_stripes/stream_00034.tif",85306,""
"BLOCK_004","stream",35,8705,8960,256,46800,"SOURCE_1","core/BLOCK_004/index/stream_stripes/stream_00035.tif",78310,""
"BLOCK_004","stream",36,8961,9216,256,46800,"SOURCE_1","core/BLOCK_004/index/stream_stripes/stream_00036.tif",81622,""
"BLOCK_004","stream",37,9217,9472,256,46800,"SOURCE_1","core/BLOCK_004/index/stream_stripes/stream_00037.tif",77724,""
"BLOCK_004","stream",38,9473,9728,256,46800,"SOURCE_1","core/BLOCK_004/index/stream_stripes/stream_00038.tif",80186,""
"BLOCK_004","stream",39,9729,9984,256,46800,"SOURCE_1","core/BLOCK_004/index/stream_stripes/stream_00039.tif",81604,""
"BLOCK_004","stream",40,9985,10240,256,46800,"SOURCE_1","core/BLOCK_004/index/stream_stripes/stream_00040.tif",82676,""
"BLOCK_004","stream",41,10241,10496,256,46800,"SOURCE_1","core/BLOCK_004/index/stream_stripes/stream_00041.tif",80324,""
"BLOCK_004","stream",42,10497,10752,256,46800,"SOURCE_1","core/BLOCK_004/index/stream_stripes/stream_00042.tif",78864,""
"BLOCK_004","stream",43,10753,11008,256,46800,"SOURCE_1","core/BLOCK_004/index/stream_stripes/stream_00043.tif",95534,""
"BLOCK_004","stream",44,11009,11264,256,46800,"SOURCE_1","core/BLOCK_004/index/stream_stripes/stream_00044.tif",95866,""
"BLOCK_004","stream",45,11265,11520,256,46800,"SOURCE_1","core/BLOCK_004/index/stream_stripes/stream_00045.tif",96474,""
"BLOCK_004","stream",46,11521,11776,256,46800,"SOURCE_1","core/BLOCK_004/index/stream_stripes/stream_00046.tif",101046,""
"BLOCK_004","stream",47,11777,12032,256,46800,"SOURCE_1","core/BLOCK_004/index/stream_stripes/stream_00047.tif",104536,""
"BLOCK_004","stream",48,12033,12288,256,46800,"SOURCE_1","core/BLOCK_004/index/stream_stripes/stream_00048.tif",96394,""
"BLOCK_004","stream",49,12289,12544,256,46800,"SOURCE_1","core/BLOCK_004/index/stream_stripes/stream_00049.tif",99560,""
"BLOCK_004","stream",50,12545,12800,256,46800,"SOURCE_1","core/BLOCK_004/index/stream_stripes/stream_00050.tif",101612,""
"BLOCK_004","stream",51,12801,13056,256,46800,"SOURCE_1","core/BLOCK_004/index/stream_stripes/stream_00051.tif",107884,""
"BLOCK_004","stream",52,13057,13312,256,46800,"SOURCE_1","core/BLOCK_004/index/stream_stripes/stream_00052.tif",105870,""
"BLOCK_004","stream",53,13313,13568,256,46800,"SOURCE_1","core/BLOCK_004/index/stream_stripes/stream_00053.tif",93328,""
"BLOCK_004","stream",54,13569,13824,256,46800,"SOURCE_1","core/BLOCK_004/index/stream_stripes/stream_00054.tif",100438,""
"BLOCK_004","stream",55,13825,14080,256,46800,"SOURCE_1","core/BLOCK_004/index/stream_stripes/stream_00055.tif",98470,""
"BLOCK_004","stream",56,14081,14336,256,46800,"SOURCE_1","core/BLOCK_004/index/stream_stripes/stream_00056.tif",97356,""
"BLOCK_004","stream",57,14337,14592,256,46800,"SOURCE_1","core/BLOCK_004/index/stream_stripes/stream_00057.tif",115842,""
"BLOCK_004","stream",58,14593,14848,256,46800,"SOURCE_1","core/BLOCK_004/index/stream_stripes/stream_00058.tif",129826,""
"BLOCK_004","stream",59,14849,15104,256,46800,"SOURCE_1","core/BLOCK_004/index/stream_stripes/stream_00059.tif",134776,""
"BLOCK_004","stream",60,15105,15360,256,46800,"SOURCE_1","core/BLOCK_004/index/stream_stripes/stream_00060.tif",129798,""
"BLOCK_004","stream",61,15361,15616,256,46800,"SOURCE_1","core/BLOCK_004/index/stream_stripes/stream_00061.tif",127562,""
"BLOCK_004","stream",62,15617,15872,256,46800,"SOURCE_1","core/BLOCK_004/index/stream_stripes/stream_00062.tif",129764,""
"BLOCK_004","stream",63,15873,16128,256,46800,"SOURCE_1","core/BLOCK_004/index/stream_stripes/stream_00063.tif",123512,""
"BLOCK_004","stream",64,16129,16384,256,46800,"SOURCE_1","core/BLOCK_004/index/stream_stripes/stream_00064.tif",126342,""
"BLOCK_004","stream",65,16385,16640,256,46800,"SOURCE_1","core/BLOCK_004/index/stream_stripes/stream_00065.tif",124760,""
"BLOCK_004","stream",66,16641,16896,256,46800,"SOURCE_1","core/BLOCK_004/index/stream_stripes/stream_00066.tif",116536,""
"BLOCK_004","stream",67,16897,17152,256,46800,"SOURCE_1","core/BLOCK_004/index/stream_stripes/stream_00067.tif",131298,""
"BLOCK_004","stream",68,17153,17408,256,46800,"SOURCE_1","core/BLOCK_004/index/stream_stripes/stream_00068.tif",117052,""
"BLOCK_004","stream",69,17409,17664,256,46800,"SOURCE_1","core/BLOCK_004/index/stream_stripes/stream_00069.tif",127650,""
"BLOCK_004","stream",70,17665,17920,256,46800,"SOURCE_1","core/BLOCK_004/index/stream_stripes/stream_00070.tif",126870,""
"BLOCK_004","stream",71,17921,18176,256,46800,"SOURCE_1","core/BLOCK_004/index/stream_stripes/stream_00071.tif",128656,""
"BLOCK_004","stream",72,18177,18432,256,46800,"SOURCE_1","core/BLOCK_004/index/stream_stripes/stream_00072.tif",132328,""
"BLOCK_004","stream",73,18433,18688,256,46800,"SOURCE_1","core/BLOCK_004/index/stream_stripes/stream_00073.tif",137066,""
"BLOCK_004","stream",74,18689,18944,256,46800,"SOURCE_1","core/BLOCK_004/index/stream_stripes/stream_00074.tif",135254,""
"BLOCK_004","stream",75,18945,19200,256,46800,"SOURCE_1","core/BLOCK_004/index/stream_stripes/stream_00075.tif",135376,""
"BLOCK_004","stream",76,19201,19456,256,46800,"SOURCE_1","core/BLOCK_004/index/stream_stripes/stream_00076.tif",134636,""
"BLOCK_004","stream",77,19457,19712,256,46800,"SOURCE_1","core/BLOCK_004/index/stream_stripes/stream_00077.tif",136792,""
"BLOCK_004","stream",78,19713,19968,256,46800,"SOURCE_1","core/BLOCK_004/index/stream_stripes/stream_00078.tif",128000,""
"BLOCK_004","stream",79,19969,20224,256,46800,"SOURCE_1","core/BLOCK_004/index/stream_stripes/stream_00079.tif",132740,""
"BLOCK_004","stream",80,20225,20480,256,46800,"SOURCE_1","core/BLOCK_004/index/stream_stripes/stream_00080.tif",138296,""
"BLOCK_004","stream",81,20481,20736,256,46800,"SOURCE_1","core/BLOCK_004/index/stream_stripes/stream_00081.tif",122640,""
"BLOCK_004","stream",82,20737,20992,256,46800,"SOURCE_1","core/BLOCK_004/index/stream_stripes/stream_00082.tif",136988,""
"BLOCK_004","stream",83,20993,21248,256,46800,"SOURCE_1","core/BLOCK_004/index/stream_stripes/stream_00083.tif",137392,""
"BLOCK_004","stream",84,21249,21504,256,46800,"SOURCE_1","core/BLOCK_004/index/stream_stripes/stream_00084.tif",143138,""
"BLOCK_004","stream",85,21505,21760,256,46800,"SOURCE_1","core/BLOCK_004/index/stream_stripes/stream_00085.tif",118022,""
"BLOCK_004","stream",86,21761,22016,256,46800,"SOURCE_1","core/BLOCK_004/index/stream_stripes/stream_00086.tif",116484,""
"BLOCK_004","stream",87,22017,22272,256,46800,"SOURCE_1","core/BLOCK_004/index/stream_stripes/stream_00087.tif",119402,""
"BLOCK_004","stream",88,22273,22528,256,46800,"SOURCE_1","core/BLOCK_004/index/stream_stripes/stream_00088.tif",123616,""
"BLOCK_004","stream",89,22529,22784,256,46800,"SOURCE_1","core/BLOCK_004/index/stream_stripes/stream_00089.tif",118110,""
"BLOCK_004","stream",90,22785,23040,256,46800,"SOURCE_1","core/BLOCK_004/index/stream_stripes/stream_00090.tif",124108,""
"BLOCK_004","stream",91,23041,23296,256,46800,"SOURCE_1","core/BLOCK_004/index/stream_stripes/stream_00091.tif",124626,""
"BLOCK_004","stream",92,23297,23552,256,46800,"SOURCE_1","core/BLOCK_004/index/stream_stripes/stream_00092.tif",124946,""
"BLOCK_004","stream",93,23553,23808,256,46800,"SOURCE_1","core/BLOCK_004/index/stream_stripes/stream_00093.tif",122492,""
"BLOCK_004","stream",94,23809,24064,256,46800,"SOURCE_1","core/BLOCK_004/index/stream_stripes/stream_00094.tif",121210,""
"BLOCK_004","stream",95,24065,24320,256,46800,"SOURCE_1","core/BLOCK_004/index/stream_stripes/stream_00095.tif",119126,""
"BLOCK_004","stream",96,24321,24576,256,46800,"SOURCE_1","core/BLOCK_004/index/stream_stripes/stream_00096.tif",124816,""
"BLOCK_004","stream",97,24577,24832,256,46800,"SOURCE_1","core/BLOCK_004/index/stream_stripes/stream_00097.tif",121850,""
"BLOCK_004","stream",98,24833,25088,256,46800,"SOURCE_1","core/BLOCK_004/index/stream_stripes/stream_00098.tif",116876,""
"BLOCK_004","stream",99,25089,25344,256,46800,"SOURCE_1","core/BLOCK_004/index/stream_stripes/stream_00099.tif",120658,""
"BLOCK_004","stream",100,25345,25600,256,46800,"SOURCE_1","core/BLOCK_004/index/stream_stripes/stream_00100.tif",120340,""
"BLOCK_004","stream",101,25601,25856,256,46800,"SOURCE_1","core/BLOCK_004/index/stream_stripes/stream_00101.tif",120392,""
"BLOCK_004","stream",102,25857,26112,256,46800,"SOURCE_1","core/BLOCK_004/index/stream_stripes/stream_00102.tif",124960,""
"BLOCK_004","stream",103,26113,26368,256,46800,"SOURCE_1","core/BLOCK_004/index/stream_stripes/stream_00103.tif",121984,""
"BLOCK_004","stream",104,26369,26624,256,46800,"SOURCE_1","core/BLOCK_004/index/stream_stripes/stream_00104.tif",120410,""
"BLOCK_004","stream",105,26625,26880,256,46800,"SOURCE_1","core/BLOCK_004/index/stream_stripes/stream_00105.tif",115718,""
"BLOCK_004","stream",106,26881,27136,256,46800,"SOURCE_1","core/BLOCK_004/index/stream_stripes/stream_00106.tif",120772,""
"BLOCK_004","stream",107,27137,27392,256,46800,"SOURCE_1","core/BLOCK_004/index/stream_stripes/stream_00107.tif",114266,""
"BLOCK_004","stream",108,27393,27648,256,46800,"SOURCE_1","core/BLOCK_004/index/stream_stripes/stream_00108.tif",116590,""
"BLOCK_004","stream",109,27649,27904,256,46800,"SOURCE_1","core/BLOCK_004/index/stream_stripes/stream_00109.tif",118632,""
"BLOCK_004","stream",110,27905,28160,256,46800,"SOURCE_1","core/BLOCK_004/index/stream_stripes/stream_00110.tif",117622,""
"BLOCK_004","stream",111,28161,28416,256,46800,"SOURCE_1","core/BLOCK_004/index/stream_stripes/stream_00111.tif",119868,""
"BLOCK_004","stream",112,28417,28672,256,46800,"SOURCE_1","core/BLOCK_004/index/stream_stripes/stream_00112.tif",120830,""
"BLOCK_004","stream",113,28673,28928,256,46800,"SOURCE_1","core/BLOCK_004/index/stream_stripes/stream_00113.tif",103344,""
"BLOCK_004","stream",114,28929,29184,256,46800,"SOURCE_1","core/BLOCK_004/index/stream_stripes/stream_00114.tif",106142,""
"BLOCK_004","stream",115,29185,29440,256,46800,"SOURCE_1","core/BLOCK_004/index/stream_stripes/stream_00115.tif",104692,""
"BLOCK_004","stream",116,29441,29696,256,46800,"SOURCE_1","core/BLOCK_004/index/stream_stripes/stream_00116.tif",102926,""
"BLOCK_004","stream",117,29697,29952,256,46800,"SOURCE_1","core/BLOCK_004/index/stream_stripes/stream_00117.tif",103184,""
"BLOCK_004","stream",118,29953,30208,256,46800,"SOURCE_1","core/BLOCK_004/index/stream_stripes/stream_00118.tif",106132,""
"BLOCK_004","stream",119,30209,30464,256,46800,"SOURCE_1","core/BLOCK_004/index/stream_stripes/stream_00119.tif",104662,""
"BLOCK_004","stream",120,30465,30720,256,46800,"SOURCE_1","core/BLOCK_004/index/stream_stripes/stream_00120.tif",106084,""
"BLOCK_004","stream",121,30721,30976,256,46800,"SOURCE_1","core/BLOCK_004/index/stream_stripes/stream_00121.tif",102176,""
"BLOCK_004","stream",122,30977,31232,256,46800,"SOURCE_1","core/BLOCK_004/index/stream_stripes/stream_00122.tif",101058,""
"BLOCK_004","stream",123,31233,31488,256,46800,"SOURCE_1","core/BLOCK_004/index/stream_stripes/stream_00123.tif",110496,""
"BLOCK_004","stream",124,31489,31744,256,46800,"SOURCE_1","core/BLOCK_004/index/stream_stripes/stream_00124.tif",108012,""
"BLOCK_004","stream",125,31745,32000,256,46800,"SOURCE_1","core/BLOCK_004/index/stream_stripes/stream_00125.tif",104326,""
"BLOCK_004","stream",126,32001,32256,256,46800,"SOURCE_1","core/BLOCK_004/index/stream_stripes/stream_00126.tif",106490,""
"BLOCK_004","stream",127,32257,32512,256,46800,"SOURCE_1","core/BLOCK_004/index/stream_stripes/stream_00127.tif",92380,""
"BLOCK_004","stream",128,32513,32768,256,46800,"SOURCE_1","core/BLOCK_004/index/stream_stripes/stream_00128.tif",91286,""
"BLOCK_004","stream",129,32769,33024,256,46800,"SOURCE_1","core/BLOCK_004/index/stream_stripes/stream_00129.tif",91446,""
"BLOCK_004","stream",130,33025,33280,256,46800,"SOURCE_1","core/BLOCK_004/index/stream_stripes/stream_00130.tif",90690,""
"BLOCK_004","stream",131,33281,33536,256,46800,"SOURCE_1","core/BLOCK_004/index/stream_stripes/stream_00131.tif",87640,""
"BLOCK_004","stream",132,33537,33792,256,46800,"SOURCE_1","core/BLOCK_004/index/stream_stripes/stream_00132.tif",88584,""
"BLOCK_004","stream",133,33793,34048,256,46800,"SOURCE_1","core/BLOCK_004/index/stream_stripes/stream_00133.tif",89280,""
"BLOCK_004","stream",134,34049,34304,256,46800,"SOURCE_1","core/BLOCK_004/index/stream_stripes/stream_00134.tif",92444,""
"BLOCK_004","stream",135,34305,34560,256,46800,"SOURCE_1","core/BLOCK_004/index/stream_stripes/stream_00135.tif",93340,""
"BLOCK_004","stream",136,34561,34816,256,46800,"SOURCE_1","core/BLOCK_004/index/stream_stripes/stream_00136.tif",88886,""
"BLOCK_004","stream",137,34817,35072,256,46800,"SOURCE_1","core/BLOCK_004/index/stream_stripes/stream_00137.tif",89996,""
"BLOCK_004","stream",138,35073,35328,256,46800,"SOURCE_1","core/BLOCK_004/index/stream_stripes/stream_00138.tif",88710,""
"BLOCK_004","stream",139,35329,35584,256,46800,"SOURCE_1","core/BLOCK_004/index/stream_stripes/stream_00139.tif",89996,""
"BLOCK_004","stream",140,35585,35840,256,46800,"SOURCE_1","core/BLOCK_004/index/stream_stripes/stream_00140.tif",88820,""
"BLOCK_004","stream",141,35841,36096,256,46800,"SOURCE_1","core/BLOCK_004/index/stream_stripes/stream_00141.tif",83674,""
"BLOCK_004","stream",142,36097,36352,256,46800,"SOURCE_1","core/BLOCK_004/index/stream_stripes/stream_00142.tif",74132,""
"BLOCK_004","stream",143,36353,36608,256,46800,"SOURCE_1","core/BLOCK_004/index/stream_stripes/stream_00143.tif",77212,""
"BLOCK_004","stream",144,36609,36864,256,46800,"SOURCE_1","core/BLOCK_004/index/stream_stripes/stream_00144.tif",82408,""
"BLOCK_004","stream",145,36865,37120,256,46800,"SOURCE_1","core/BLOCK_004/index/stream_stripes/stream_00145.tif",79294,""
"BLOCK_004","stream",146,37121,37376,256,46800,"SOURCE_1","core/BLOCK_004/index/stream_stripes/stream_00146.tif",80676,""
"BLOCK_004","stream",147,37377,37632,256,46800,"SOURCE_1","core/BLOCK_004/index/stream_stripes/stream_00147.tif",78556,""
"BLOCK_004","stream",148,37633,37888,256,46800,"SOURCE_1","core/BLOCK_004/index/stream_stripes/stream_00148.tif",79326,""
"BLOCK_004","stream",149,37889,38144,256,46800,"SOURCE_1","core/BLOCK_004/index/stream_stripes/stream_00149.tif",75722,""
"BLOCK_004","stream",150,38145,38400,256,46800,"SOURCE_1","core/BLOCK_004/index/stream_stripes/stream_00150.tif",85974,""
"BLOCK_004","stream",151,38401,38656,256,46800,"SOURCE_1","core/BLOCK_004/index/stream_stripes/stream_00151.tif",69682,""
"BLOCK_004","stream",152,38657,38912,256,46800,"SOURCE_1","core/BLOCK_004/index/stream_stripes/stream_00152.tif",76984,""
"BLOCK_004","stream",153,38913,39168,256,46800,"SOURCE_1","core/BLOCK_004/index/stream_stripes/stream_00153.tif",75618,""
"BLOCK_004","stream",154,39169,39424,256,46800,"SOURCE_1","core/BLOCK_004/index/stream_stripes/stream_00154.tif",77212,""
"BLOCK_004","stream",155,39425,39680,256,46800,"SOURCE_1","core/BLOCK_004/index/stream_stripes/stream_00155.tif",77336,""
"BLOCK_004","stream",156,39681,39936,256,46800,"SOURCE_1","core/BLOCK_004/index/stream_stripes/stream_00156.tif",74850,""
"BLOCK_004","stream",157,39937,40192,256,46800,"SOURCE_1","core/BLOCK_004/index/stream_stripes/stream_00157.tif",71454,""
"BLOCK_004","stream",158,40193,40448,256,46800,"SOURCE_1","core/BLOCK_004/index/stream_stripes/stream_00158.tif",70598,""
"BLOCK_004","stream",159,40449,40704,256,46800,"SOURCE_1","core/BLOCK_004/index/stream_stripes/stream_00159.tif",71886,""
"BLOCK_004","stream",160,40705,40960,256,46800,"SOURCE_1","core/BLOCK_004/index/stream_stripes/stream_00160.tif",71130,""
"BLOCK_004","stream",161,40961,41216,256,46800,"SOURCE_1","core/BLOCK_004/index/stream_stripes/stream_00161.tif",69560,""
"BLOCK_004","stream",162,41217,41472,256,46800,"SOURCE_1","core/BLOCK_004/index/stream_stripes/stream_00162.tif",71466,""
"BLOCK_004","stream",163,41473,41728,256,46800,"SOURCE_1","core/BLOCK_004/index/stream_stripes/stream_00163.tif",72478,""
"BLOCK_004","stream",164,41729,41984,256,46800,"SOURCE_1","core/BLOCK_004/index/stream_stripes/stream_00164.tif",67238,""
"BLOCK_004","stream",165,41985,42240,256,46800,"SOURCE_1","core/BLOCK_004/index/stream_stripes/stream_00165.tif",67196,""
"BLOCK_004","stream",166,42241,42496,256,46800,"SOURCE_1","core/BLOCK_004/index/stream_stripes/stream_00166.tif",69032,""
"BLOCK_004","stream",167,42497,42752,256,46800,"SOURCE_1","core/BLOCK_004/index/stream_stripes/stream_00167.tif",72598,""
"BLOCK_004","stream",168,42753,43008,256,46800,"SOURCE_1","core/BLOCK_004/index/stream_stripes/stream_00168.tif",69228,""
"BLOCK_004","stream",169,43009,43264,256,46800,"SOURCE_1","core/BLOCK_004/index/stream_stripes/stream_00169.tif",67852,""
"BLOCK_004","stream",170,43265,43520,256,46800,"SOURCE_1","core/BLOCK_004/index/stream_stripes/stream_00170.tif",71292,""
"BLOCK_004","stream",171,43521,43776,256,46800,"SOURCE_1","core/BLOCK_004/index/stream_stripes/stream_00171.tif",71092,""
"BLOCK_004","stream",172,43777,44032,256,46800,"SOURCE_1","core/BLOCK_004/index/stream_stripes/stream_00172.tif",66862,""
"BLOCK_004","stream",173,44033,44288,256,46800,"SOURCE_1","core/BLOCK_004/index/stream_stripes/stream_00173.tif",68718,""
"BLOCK_004","stream",174,44289,44544,256,46800,"SOURCE_1","core/BLOCK_004/index/stream_stripes/stream_00174.tif",72138,""
"BLOCK_004","stream",175,44545,44800,256,46800,"SOURCE_1","core/BLOCK_004/index/stream_stripes/stream_00175.tif",67194,""
"BLOCK_004","stream",176,44801,45056,256,46800,"SOURCE_1","core/BLOCK_004/index/stream_stripes/stream_00176.tif",65386,""
"BLOCK_004","stream",177,45057,45312,256,46800,"SOURCE_1","core/BLOCK_004/index/stream_stripes/stream_00177.tif",70652,""
"BLOCK_004","stream",178,45313,45568,256,46800,"SOURCE_1","core/BLOCK_004/index/stream_stripes/stream_00178.tif",72362,""
"BLOCK_004","stream",179,45569,45824,256,46800,"SOURCE_1","core/BLOCK_004/index/stream_stripes/stream_00179.tif",61252,""
"BLOCK_004","stream",180,45825,46080,256,46800,"SOURCE_1","core/BLOCK_004/index/stream_stripes/stream_00180.tif",64250,""
"BLOCK_004","stream",181,46081,46336,256,46800,"SOURCE_1","core/BLOCK_004/index/stream_stripes/stream_00181.tif",63920,""
"BLOCK_004","stream",182,46337,46592,256,46800,"SOURCE_1","core/BLOCK_004/index/stream_stripes/stream_00182.tif",72240,""
"BLOCK_004","stream",183,46593,46848,256,46800,"SOURCE_1","core/BLOCK_004/index/stream_stripes/stream_00183.tif",65266,""
"BLOCK_004","stream",184,46849,47104,256,46800,"SOURCE_1","core/BLOCK_004/index/stream_stripes/stream_00184.tif",61040,""
"BLOCK_004","stream",185,47105,47360,256,46800,"SOURCE_1","core/BLOCK_004/index/stream_stripes/stream_00185.tif",60708,""
"BLOCK_004","stream",186,47361,47616,256,46800,"SOURCE_1","core/BLOCK_004/index/stream_stripes/stream_00186.tif",61320,""
"BLOCK_004","stream",187,47617,47872,256,46800,"SOURCE_1","core/BLOCK_004/index/stream_stripes/stream_00187.tif",59986,""
"BLOCK_004","stream",188,47873,48128,256,46800,"SOURCE_1","core/BLOCK_004/index/stream_stripes/stream_00188.tif",57146,""
"BLOCK_004","stream",189,48129,48384,256,46800,"SOURCE_1","core/BLOCK_004/index/stream_stripes/stream_00189.tif",62670,""
"BLOCK_004","stream",190,48385,48640,256,46800,"SOURCE_1","core/BLOCK_004/index/stream_stripes/stream_00190.tif",59844,""
"BLOCK_004","stream",191,48641,48896,256,46800,"SOURCE_1","core/BLOCK_004/index/stream_stripes/stream_00191.tif",57446,""
"BLOCK_004","stream",192,48897,49152,256,46800,"SOURCE_1","core/BLOCK_004/index/stream_stripes/stream_00192.tif",57966,""
"BLOCK_004","stream",193,49153,49408,256,46800,"SOURCE_1","core/BLOCK_004/index/stream_stripes/stream_00193.tif",60272,""
"BLOCK_004","stream",194,49409,49664,256,46800,"SOURCE_1","core/BLOCK_004/index/stream_stripes/stream_00194.tif",57516,""
"BLOCK_004","stream",195,49665,49920,256,46800,"SOURCE_1","core/BLOCK_004/index/stream_stripes/stream_00195.tif",61766,""
"BLOCK_004","stream",196,49921,50176,256,46800,"SOURCE_1","core/BLOCK_004/index/stream_stripes/stream_00196.tif",57052,""
"BLOCK_004","stream",197,50177,50432,256,46800,"SOURCE_1","core/BLOCK_004/index/stream_stripes/stream_00197.tif",59176,""
"BLOCK_004","stream",198,50433,50688,256,46800,"SOURCE_1","core/BLOCK_004/index/stream_stripes/stream_00198.tif",59864,""
"BLOCK_004","stream",199,50689,50944,256,46800,"SOURCE_1","core/BLOCK_004/index/stream_stripes/stream_00199.tif",60784,""
"BLOCK_004","stream",200,50945,51200,256,46800,"SOURCE_1","core/BLOCK_004/index/stream_stripes/stream_00200.tif",58544,""
"BLOCK_004","stream",201,51201,51456,256,46800,"SOURCE_1","core/BLOCK_004/index/stream_stripes/stream_00201.tif",59510,""
"BLOCK_004","stream",202,51457,51712,256,46800,"SOURCE_1","core/BLOCK_004/index/stream_stripes/stream_00202.tif",57052,""
"BLOCK_004","stream",203,51713,51968,256,46800,"SOURCE_1","core/BLOCK_004/index/stream_stripes/stream_00203.tif",57418,""
"BLOCK_004","stream",204,51969,52224,256,46800,"SOURCE_1","core/BLOCK_004/index/stream_stripes/stream_00204.tif",53990,""
"BLOCK_004","stream",205,52225,52480,256,46800,"SOURCE_1","core/BLOCK_004/index/stream_stripes/stream_00205.tif",56144,""
"BLOCK_004","stream",206,52481,52736,256,46800,"SOURCE_1","core/BLOCK_004/index/stream_stripes/stream_00206.tif",57194,""
"BLOCK_004","stream",207,52737,52992,256,46800,"SOURCE_1","core/BLOCK_004/index/stream_stripes/stream_00207.tif",57218,""
"BLOCK_004","stream",208,52993,53248,256,46800,"SOURCE_1","core/BLOCK_004/index/stream_stripes/stream_00208.tif",59624,""
"BLOCK_004","stream",209,53249,53504,256,46800,"SOURCE_1","core/BLOCK_004/index/stream_stripes/stream_00209.tif",54416,""
"BLOCK_004","stream",210,53505,53760,256,46800,"SOURCE_1","core/BLOCK_004/index/stream_stripes/stream_00210.tif",56776,""
"BLOCK_004","stream",211,53761,54016,256,46800,"SOURCE_1","core/BLOCK_004/index/stream_stripes/stream_00211.tif",55188,""
"BLOCK_004","stream",212,54017,54272,256,46800,"SOURCE_1","core/BLOCK_004/index/stream_stripes/stream_00212.tif",68536,""
"BLOCK_004","stream",213,54273,54528,256,46800,"SOURCE_1","core/BLOCK_004/index/stream_stripes/stream_00213.tif",62666,""
"BLOCK_004","stream",214,54529,54784,256,46800,"SOURCE_1","core/BLOCK_004/index/stream_stripes/stream_00214.tif",61326,""
"BLOCK_004","stream",215,54785,55040,256,46800,"SOURCE_1","core/BLOCK_004/index/stream_stripes/stream_00215.tif",65140,""
"BLOCK_004","stream",216,55041,55296,256,46800,"SOURCE_1","core/BLOCK_004/index/stream_stripes/stream_00216.tif",65100,""
"BLOCK_004","stream",217,55297,55552,256,46800,"SOURCE_1","core/BLOCK_004/index/stream_stripes/stream_00217.tif",61302,""
"BLOCK_004","stream",218,55553,55808,256,46800,"SOURCE_1","core/BLOCK_004/index/stream_stripes/stream_00218.tif",62618,""
"BLOCK_004","stream",219,55809,56064,256,46800,"SOURCE_1","core/BLOCK_004/index/stream_stripes/stream_00219.tif",61254,""
"BLOCK_004","stream",220,56065,56320,256,46800,"SOURCE_1","core/BLOCK_004/index/stream_stripes/stream_00220.tif",62726,""
"BLOCK_004","stream",221,56321,56576,256,46800,"SOURCE_1","core/BLOCK_004/index/stream_stripes/stream_00221.tif",62326,""
"BLOCK_004","stream",222,56577,56832,256,46800,"SOURCE_1","core/BLOCK_004/index/stream_stripes/stream_00222.tif",60134,""
"BLOCK_004","stream",223,56833,57088,256,46800,"SOURCE_1","core/BLOCK_004/index/stream_stripes/stream_00223.tif",64176,""
"BLOCK_004","stream",224,57089,57344,256,46800,"SOURCE_1","core/BLOCK_004/index/stream_stripes/stream_00224.tif",63656,""
"BLOCK_004","stream",225,57345,57600,256,46800,"SOURCE_1","core/BLOCK_004/index/stream_stripes/stream_00225.tif",65294,""
"BLOCK_004","stream",226,57601,57856,256,46800,"SOURCE_1","core/BLOCK_004/index/stream_stripes/stream_00226.tif",55780,""
"BLOCK_004","stream",227,57857,58112,256,46800,"SOURCE_1","core/BLOCK_004/index/stream_stripes/stream_00227.tif",55168,""
"BLOCK_004","stream",228,58113,58368,256,46800,"SOURCE_1","core/BLOCK_004/index/stream_stripes/stream_00228.tif",54526,""
"BLOCK_004","stream",229,58369,58624,256,46800,"SOURCE_1","core/BLOCK_004/index/stream_stripes/stream_00229.tif",59226,""
"BLOCK_004","stream",230,58625,58880,256,46800,"SOURCE_1","core/BLOCK_004/index/stream_stripes/stream_00230.tif",61016,""
"BLOCK_004","stream",231,58881,59136,256,46800,"SOURCE_1","core/BLOCK_004/index/stream_stripes/stream_00231.tif",57226,""
"BLOCK_004","stream",232,59137,59392,256,46800,"SOURCE_1","core/BLOCK_004/index/stream_stripes/stream_00232.tif",55380,""
"BLOCK_004","stream",233,59393,59648,256,46800,"SOURCE_1","core/BLOCK_004/index/stream_stripes/stream_00233.tif",54710,""
"BLOCK_004","stream",234,59649,59904,256,46800,"SOURCE_1","core/BLOCK_004/index/stream_stripes/stream_00234.tif",57072,""
"BLOCK_004","stream",235,59905,60160,256,46800,"SOURCE_1","core/BLOCK_004/index/stream_stripes/stream_00235.tif",55786,""
"BLOCK_004","stream",236,60161,60416,256,46800,"SOURCE_1","core/BLOCK_004/index/stream_stripes/stream_00236.tif",62632,""
"BLOCK_004","stream",237,60417,60672,256,46800,"SOURCE_1","core/BLOCK_004/index/stream_stripes/stream_00237.tif",58738,""
"BLOCK_004","stream",238,60673,60928,256,46800,"SOURCE_1","core/BLOCK_004/index/stream_stripes/stream_00238.tif",62016,""
"BLOCK_004","stream",239,60929,61184,256,46800,"SOURCE_1","core/BLOCK_004/index/stream_stripes/stream_00239.tif",61282,""
"BLOCK_004","stream",240,61185,61440,256,46800,"SOURCE_1","core/BLOCK_004/index/stream_stripes/stream_00240.tif",41176,""
"BLOCK_004","stream",241,61441,61696,256,46800,"SOURCE_1","core/BLOCK_004/index/stream_stripes/stream_00241.tif",40806,""
"BLOCK_004","stream",242,61697,61952,256,46800,"SOURCE_1","core/BLOCK_004/index/stream_stripes/stream_00242.tif",42516,""
"BLOCK_004","stream",243,61953,62208,256,46800,"SOURCE_1","core/BLOCK_004/index/stream_stripes/stream_00243.tif",44394,""
"BLOCK_004","stream",244,62209,62464,256,46800,"SOURCE_1","core/BLOCK_004/index/stream_stripes/stream_00244.tif",41118,""
"BLOCK_004","stream",245,62465,62720,256,46800,"SOURCE_1","core/BLOCK_004/index/stream_stripes/stream_00245.tif",42678,""
"BLOCK_004","stream",246,62721,62976,256,46800,"SOURCE_1","core/BLOCK_004/index/stream_stripes/stream_00246.tif",42780,""
"BLOCK_004","stream",247,62977,63232,256,46800,"SOURCE_1","core/BLOCK_004/index/stream_stripes/stream_00247.tif",44184,""
"BLOCK_004","stream",248,63233,63488,256,46800,"SOURCE_1","core/BLOCK_004/index/stream_stripes/stream_00248.tif",42602,""
"BLOCK_004","stream",249,63489,63744,256,46800,"SOURCE_1","core/BLOCK_004/index/stream_stripes/stream_00249.tif",46134,""
"BLOCK_004","stream",250,63745,64000,256,46800,"SOURCE_1","core/BLOCK_004/index/stream_stripes/stream_00250.tif",40850,""
"BLOCK_004","stream",251,64001,64256,256,46800,"SOURCE_1","core/BLOCK_004/index/stream_stripes/stream_00251.tif",43594,""
"BLOCK_004","stream",252,64257,64512,256,46800,"SOURCE_1","core/BLOCK_004/index/stream_stripes/stream_00252.tif",42420,""
"BLOCK_004","stream",253,64513,64768,256,46800,"SOURCE_1","core/BLOCK_004/index/stream_stripes/stream_00253.tif",40620,""
"BLOCK_004","stream",254,64769,64800,32,46800,"SOURCE_1","core/BLOCK_004/index/stream_stripes/stream_00254.tif",22182,""
"BLOCK_005","hydrography",NA,NA,NA,NA,NA,"SOURCE_1","core/BLOCK_005/hydrography_block.gpkg",5451776,""
"BLOCK_005","index_metadata",NA,NA,NA,NA,NA,"SOURCE_1","core/BLOCK_005/index/index_metadata.rds",1344,""
"BLOCK_005","reverse",1,1,256,256,10800,"SOURCE_1","core/BLOCK_005/index/reverse_stripes/reverse_00001.tif",296692,""
"BLOCK_005","reverse",2,257,512,256,10800,"SOURCE_1","core/BLOCK_005/index/reverse_stripes/reverse_00002.tif",301148,""
"BLOCK_005","reverse",3,513,768,256,10800,"SOURCE_1","core/BLOCK_005/index/reverse_stripes/reverse_00003.tif",329938,""
"BLOCK_005","reverse",4,769,1024,256,10800,"SOURCE_1","core/BLOCK_005/index/reverse_stripes/reverse_00004.tif",360408,""
"BLOCK_005","reverse",5,1025,1280,256,10800,"SOURCE_1","core/BLOCK_005/index/reverse_stripes/reverse_00005.tif",391378,""
"BLOCK_005","reverse",6,1281,1536,256,10800,"SOURCE_1","core/BLOCK_005/index/reverse_stripes/reverse_00006.tif",422690,""
"BLOCK_005","reverse",7,1537,1792,256,10800,"SOURCE_1","core/BLOCK_005/index/reverse_stripes/reverse_00007.tif",460196,""
"BLOCK_005","reverse",8,1793,2048,256,10800,"SOURCE_1","core/BLOCK_005/index/reverse_stripes/reverse_00008.tif",540574,""
"BLOCK_005","reverse",9,2049,2304,256,10800,"SOURCE_1","core/BLOCK_005/index/reverse_stripes/reverse_00009.tif",571802,""
"BLOCK_005","reverse",10,2305,2560,256,10800,"SOURCE_1","core/BLOCK_005/index/reverse_stripes/reverse_00010.tif",628980,""
"BLOCK_005","reverse",11,2561,2816,256,10800,"SOURCE_1","core/BLOCK_005/index/reverse_stripes/reverse_00011.tif",671078,""
"BLOCK_005","reverse",12,2817,3072,256,10800,"SOURCE_1","core/BLOCK_005/index/reverse_stripes/reverse_00012.tif",670408,""
"BLOCK_005","reverse",13,3073,3328,256,10800,"SOURCE_1","core/BLOCK_005/index/reverse_stripes/reverse_00013.tif",655974,""
"BLOCK_005","reverse",14,3329,3584,256,10800,"SOURCE_1","core/BLOCK_005/index/reverse_stripes/reverse_00014.tif",691114,""
"BLOCK_005","reverse",15,3585,3840,256,10800,"SOURCE_1","core/BLOCK_005/index/reverse_stripes/reverse_00015.tif",717734,""
"BLOCK_005","reverse",16,3841,4096,256,10800,"SOURCE_1","core/BLOCK_005/index/reverse_stripes/reverse_00016.tif",734768,""
"BLOCK_005","reverse",17,4097,4352,256,10800,"SOURCE_1","core/BLOCK_005/index/reverse_stripes/reverse_00017.tif",758354,""
"BLOCK_005","reverse",18,4353,4608,256,10800,"SOURCE_1","core/BLOCK_005/index/reverse_stripes/reverse_00018.tif",796958,""
"BLOCK_005","reverse",19,4609,4864,256,10800,"SOURCE_1","core/BLOCK_005/index/reverse_stripes/reverse_00019.tif",820454,""
"BLOCK_005","reverse",20,4865,5120,256,10800,"SOURCE_1","core/BLOCK_005/index/reverse_stripes/reverse_00020.tif",829364,""
"BLOCK_005","reverse",21,5121,5376,256,10800,"SOURCE_1","core/BLOCK_005/index/reverse_stripes/reverse_00021.tif",841664,""
"BLOCK_005","reverse",22,5377,5632,256,10800,"SOURCE_1","core/BLOCK_005/index/reverse_stripes/reverse_00022.tif",828374,""
"BLOCK_005","reverse",23,5633,5888,256,10800,"SOURCE_1","core/BLOCK_005/index/reverse_stripes/reverse_00023.tif",816608,""
"BLOCK_005","reverse",24,5889,6144,256,10800,"SOURCE_1","core/BLOCK_005/index/reverse_stripes/reverse_00024.tif",807732,""
"BLOCK_005","reverse",25,6145,6400,256,10800,"SOURCE_1","core/BLOCK_005/index/reverse_stripes/reverse_00025.tif",786734,""
"BLOCK_005","reverse",26,6401,6656,256,10800,"SOURCE_1","core/BLOCK_005/index/reverse_stripes/reverse_00026.tif",776898,""
"BLOCK_005","reverse",27,6657,6912,256,10800,"SOURCE_1","core/BLOCK_005/index/reverse_stripes/reverse_00027.tif",758556,""
"BLOCK_005","reverse",28,6913,7168,256,10800,"SOURCE_1","core/BLOCK_005/index/reverse_stripes/reverse_00028.tif",735082,""
"BLOCK_005","reverse",29,7169,7424,256,10800,"SOURCE_1","core/BLOCK_005/index/reverse_stripes/reverse_00029.tif",691860,""
"BLOCK_005","reverse",30,7425,7680,256,10800,"SOURCE_1","core/BLOCK_005/index/reverse_stripes/reverse_00030.tif",735512,""
"BLOCK_005","reverse",31,7681,7936,256,10800,"SOURCE_1","core/BLOCK_005/index/reverse_stripes/reverse_00031.tif",760606,""
"BLOCK_005","reverse",32,7937,8192,256,10800,"SOURCE_1","core/BLOCK_005/index/reverse_stripes/reverse_00032.tif",765204,""
"BLOCK_005","reverse",33,8193,8448,256,10800,"SOURCE_1","core/BLOCK_005/index/reverse_stripes/reverse_00033.tif",733536,""
"BLOCK_005","reverse",34,8449,8704,256,10800,"SOURCE_1","core/BLOCK_005/index/reverse_stripes/reverse_00034.tif",693784,""
"BLOCK_005","reverse",35,8705,8960,256,10800,"SOURCE_1","core/BLOCK_005/index/reverse_stripes/reverse_00035.tif",665658,""
"BLOCK_005","reverse",36,8961,9216,256,10800,"SOURCE_1","core/BLOCK_005/index/reverse_stripes/reverse_00036.tif",644610,""
"BLOCK_005","reverse",37,9217,9472,256,10800,"SOURCE_1","core/BLOCK_005/index/reverse_stripes/reverse_00037.tif",649780,""
"BLOCK_005","reverse",38,9473,9728,256,10800,"SOURCE_1","core/BLOCK_005/index/reverse_stripes/reverse_00038.tif",632376,""
"BLOCK_005","reverse",39,9729,9984,256,10800,"SOURCE_1","core/BLOCK_005/index/reverse_stripes/reverse_00039.tif",619966,""
"BLOCK_005","reverse",40,9985,10240,256,10800,"SOURCE_1","core/BLOCK_005/index/reverse_stripes/reverse_00040.tif",674804,""
"BLOCK_005","reverse",41,10241,10496,256,10800,"SOURCE_1","core/BLOCK_005/index/reverse_stripes/reverse_00041.tif",754070,""
"BLOCK_005","reverse",42,10497,10752,256,10800,"SOURCE_1","core/BLOCK_005/index/reverse_stripes/reverse_00042.tif",773862,""
"BLOCK_005","reverse",43,10753,10800,48,10800,"SOURCE_1","core/BLOCK_005/index/reverse_stripes/reverse_00043.tif",158728,""
"BLOCK_005","run_info",NA,NA,NA,NA,NA,"SOURCE_1","core/BLOCK_005/run_info.csv",777,""
"BLOCK_005","stream",1,1,256,256,10800,"SOURCE_1","core/BLOCK_005/index/stream_stripes/stream_00001.tif",15972,""
"BLOCK_005","stream",2,257,512,256,10800,"SOURCE_1","core/BLOCK_005/index/stream_stripes/stream_00002.tif",15678,""
"BLOCK_005","stream",3,513,768,256,10800,"SOURCE_1","core/BLOCK_005/index/stream_stripes/stream_00003.tif",14574,""
"BLOCK_005","stream",4,769,1024,256,10800,"SOURCE_1","core/BLOCK_005/index/stream_stripes/stream_00004.tif",17546,""
"BLOCK_005","stream",5,1025,1280,256,10800,"SOURCE_1","core/BLOCK_005/index/stream_stripes/stream_00005.tif",17872,""
"BLOCK_005","stream",6,1281,1536,256,10800,"SOURCE_1","core/BLOCK_005/index/stream_stripes/stream_00006.tif",18132,""
"BLOCK_005","stream",7,1537,1792,256,10800,"SOURCE_1","core/BLOCK_005/index/stream_stripes/stream_00007.tif",17640,""
"BLOCK_005","stream",8,1793,2048,256,10800,"SOURCE_1","core/BLOCK_005/index/stream_stripes/stream_00008.tif",17710,""
"BLOCK_005","stream",9,2049,2304,256,10800,"SOURCE_1","core/BLOCK_005/index/stream_stripes/stream_00009.tif",15840,""
"BLOCK_005","stream",10,2305,2560,256,10800,"SOURCE_1","core/BLOCK_005/index/stream_stripes/stream_00010.tif",19330,""
"BLOCK_005","stream",11,2561,2816,256,10800,"SOURCE_1","core/BLOCK_005/index/stream_stripes/stream_00011.tif",17840,""
"BLOCK_005","stream",12,2817,3072,256,10800,"SOURCE_1","core/BLOCK_005/index/stream_stripes/stream_00012.tif",21384,""
"BLOCK_005","stream",13,3073,3328,256,10800,"SOURCE_1","core/BLOCK_005/index/stream_stripes/stream_00013.tif",21854,""
"BLOCK_005","stream",14,3329,3584,256,10800,"SOURCE_1","core/BLOCK_005/index/stream_stripes/stream_00014.tif",19230,""
"BLOCK_005","stream",15,3585,3840,256,10800,"SOURCE_1","core/BLOCK_005/index/stream_stripes/stream_00015.tif",24910,""
"BLOCK_005","stream",16,3841,4096,256,10800,"SOURCE_1","core/BLOCK_005/index/stream_stripes/stream_00016.tif",20744,""
"BLOCK_005","stream",17,4097,4352,256,10800,"SOURCE_1","core/BLOCK_005/index/stream_stripes/stream_00017.tif",23406,""
"BLOCK_005","stream",18,4353,4608,256,10800,"SOURCE_1","core/BLOCK_005/index/stream_stripes/stream_00018.tif",21582,""
"BLOCK_005","stream",19,4609,4864,256,10800,"SOURCE_1","core/BLOCK_005/index/stream_stripes/stream_00019.tif",21646,""
"BLOCK_005","stream",20,4865,5120,256,10800,"SOURCE_1","core/BLOCK_005/index/stream_stripes/stream_00020.tif",26642,""
"BLOCK_005","stream",21,5121,5376,256,10800,"SOURCE_1","core/BLOCK_005/index/stream_stripes/stream_00021.tif",25116,""
"BLOCK_005","stream",22,5377,5632,256,10800,"SOURCE_1","core/BLOCK_005/index/stream_stripes/stream_00022.tif",24988,""
"BLOCK_005","stream",23,5633,5888,256,10800,"SOURCE_1","core/BLOCK_005/index/stream_stripes/stream_00023.tif",21742,""
"BLOCK_005","stream",24,5889,6144,256,10800,"SOURCE_1","core/BLOCK_005/index/stream_stripes/stream_00024.tif",22806,""
"BLOCK_005","stream",25,6145,6400,256,10800,"SOURCE_1","core/BLOCK_005/index/stream_stripes/stream_00025.tif",23878,""
"BLOCK_005","stream",26,6401,6656,256,10800,"SOURCE_1","core/BLOCK_005/index/stream_stripes/stream_00026.tif",26092,""
"BLOCK_005","stream",27,6657,6912,256,10800,"SOURCE_1","core/BLOCK_005/index/stream_stripes/stream_00027.tif",25310,""
"BLOCK_005","stream",28,6913,7168,256,10800,"SOURCE_1","core/BLOCK_005/index/stream_stripes/stream_00028.tif",22582,""
"BLOCK_005","stream",29,7169,7424,256,10800,"SOURCE_1","core/BLOCK_005/index/stream_stripes/stream_00029.tif",21748,""
"BLOCK_005","stream",30,7425,7680,256,10800,"SOURCE_1","core/BLOCK_005/index/stream_stripes/stream_00030.tif",22386,""
"BLOCK_005","stream",31,7681,7936,256,10800,"SOURCE_1","core/BLOCK_005/index/stream_stripes/stream_00031.tif",22298,""
"BLOCK_005","stream",32,7937,8192,256,10800,"SOURCE_1","core/BLOCK_005/index/stream_stripes/stream_00032.tif",22068,""
"BLOCK_005","stream",33,8193,8448,256,10800,"SOURCE_1","core/BLOCK_005/index/stream_stripes/stream_00033.tif",23544,""
"BLOCK_005","stream",34,8449,8704,256,10800,"SOURCE_1","core/BLOCK_005/index/stream_stripes/stream_00034.tif",23462,""
"BLOCK_005","stream",35,8705,8960,256,10800,"SOURCE_1","core/BLOCK_005/index/stream_stripes/stream_00035.tif",21874,""
"BLOCK_005","stream",36,8961,9216,256,10800,"SOURCE_1","core/BLOCK_005/index/stream_stripes/stream_00036.tif",20684,""
"BLOCK_005","stream",37,9217,9472,256,10800,"SOURCE_1","core/BLOCK_005/index/stream_stripes/stream_00037.tif",20296,""
"BLOCK_005","stream",38,9473,9728,256,10800,"SOURCE_1","core/BLOCK_005/index/stream_stripes/stream_00038.tif",21450,""
"BLOCK_005","stream",39,9729,9984,256,10800,"SOURCE_1","core/BLOCK_005/index/stream_stripes/stream_00039.tif",22546,""
"BLOCK_005","stream",40,9985,10240,256,10800,"SOURCE_1","core/BLOCK_005/index/stream_stripes/stream_00040.tif",23560,""
"BLOCK_005","stream",41,10241,10496,256,10800,"SOURCE_1","core/BLOCK_005/index/stream_stripes/stream_00041.tif",26762,""
"BLOCK_005","stream",42,10497,10752,256,10800,"SOURCE_1","core/BLOCK_005/index/stream_stripes/stream_00042.tif",20404,""
"BLOCK_005","stream",43,10753,10800,48,10800,"SOURCE_1","core/BLOCK_005/index/stream_stripes/stream_00043.tif",7688,""
"BLOCK_006","hydrography",NA,NA,NA,NA,NA,"SOURCE_1","core/BLOCK_006/hydrography_block.gpkg",5087232,""
"BLOCK_006","index_metadata",NA,NA,NA,NA,NA,"SOURCE_1","core/BLOCK_006/index/index_metadata.rds",1347,""
"BLOCK_006","reverse",1,1,256,256,7200,"SOURCE_1","core/BLOCK_006/index/reverse_stripes/reverse_00001.tif",651884,""
"BLOCK_006","reverse",2,257,512,256,7200,"SOURCE_1","core/BLOCK_006/index/reverse_stripes/reverse_00002.tif",631258,""
"BLOCK_006","reverse",3,513,768,256,7200,"SOURCE_1","core/BLOCK_006/index/reverse_stripes/reverse_00003.tif",629342,""
"BLOCK_006","reverse",4,769,1024,256,7200,"SOURCE_1","core/BLOCK_006/index/reverse_stripes/reverse_00004.tif",620556,""
"BLOCK_006","reverse",5,1025,1280,256,7200,"SOURCE_1","core/BLOCK_006/index/reverse_stripes/reverse_00005.tif",607312,""
"BLOCK_006","reverse",6,1281,1536,256,7200,"SOURCE_1","core/BLOCK_006/index/reverse_stripes/reverse_00006.tif",610716,""
"BLOCK_006","reverse",7,1537,1792,256,7200,"SOURCE_1","core/BLOCK_006/index/reverse_stripes/reverse_00007.tif",607092,""
"BLOCK_006","reverse",8,1793,2048,256,7200,"SOURCE_1","core/BLOCK_006/index/reverse_stripes/reverse_00008.tif",616356,""
"BLOCK_006","reverse",9,2049,2304,256,7200,"SOURCE_1","core/BLOCK_006/index/reverse_stripes/reverse_00009.tif",622470,""
"BLOCK_006","reverse",10,2305,2560,256,7200,"SOURCE_1","core/BLOCK_006/index/reverse_stripes/reverse_00010.tif",617828,""
"BLOCK_006","reverse",11,2561,2816,256,7200,"SOURCE_1","core/BLOCK_006/index/reverse_stripes/reverse_00011.tif",612288,""
"BLOCK_006","reverse",12,2817,3072,256,7200,"SOURCE_1","core/BLOCK_006/index/reverse_stripes/reverse_00012.tif",613522,""
"BLOCK_006","reverse",13,3073,3328,256,7200,"SOURCE_1","core/BLOCK_006/index/reverse_stripes/reverse_00013.tif",612248,""
"BLOCK_006","reverse",14,3329,3584,256,7200,"SOURCE_1","core/BLOCK_006/index/reverse_stripes/reverse_00014.tif",617968,""
"BLOCK_006","reverse",15,3585,3840,256,7200,"SOURCE_1","core/BLOCK_006/index/reverse_stripes/reverse_00015.tif",621906,""
"BLOCK_006","reverse",16,3841,4096,256,7200,"SOURCE_1","core/BLOCK_006/index/reverse_stripes/reverse_00016.tif",616540,""
"BLOCK_006","reverse",17,4097,4352,256,7200,"SOURCE_1","core/BLOCK_006/index/reverse_stripes/reverse_00017.tif",612636,""
"BLOCK_006","reverse",18,4353,4608,256,7200,"SOURCE_1","core/BLOCK_006/index/reverse_stripes/reverse_00018.tif",600416,""
"BLOCK_006","reverse",19,4609,4864,256,7200,"SOURCE_1","core/BLOCK_006/index/reverse_stripes/reverse_00019.tif",595920,""
"BLOCK_006","reverse",20,4865,5120,256,7200,"SOURCE_1","core/BLOCK_006/index/reverse_stripes/reverse_00020.tif",581412,""
"BLOCK_006","reverse",21,5121,5376,256,7200,"SOURCE_1","core/BLOCK_006/index/reverse_stripes/reverse_00021.tif",585262,""
"BLOCK_006","reverse",22,5377,5632,256,7200,"SOURCE_1","core/BLOCK_006/index/reverse_stripes/reverse_00022.tif",555454,""
"BLOCK_006","reverse",23,5633,5888,256,7200,"SOURCE_1","core/BLOCK_006/index/reverse_stripes/reverse_00023.tif",536926,""
"BLOCK_006","reverse",24,5889,6144,256,7200,"SOURCE_1","core/BLOCK_006/index/reverse_stripes/reverse_00024.tif",534282,""
"BLOCK_006","reverse",25,6145,6400,256,7200,"SOURCE_1","core/BLOCK_006/index/reverse_stripes/reverse_00025.tif",535610,""
"BLOCK_006","reverse",26,6401,6656,256,7200,"SOURCE_1","core/BLOCK_006/index/reverse_stripes/reverse_00026.tif",525404,""
"BLOCK_006","reverse",27,6657,6912,256,7200,"SOURCE_1","core/BLOCK_006/index/reverse_stripes/reverse_00027.tif",508250,""
"BLOCK_006","reverse",28,6913,7168,256,7200,"SOURCE_1","core/BLOCK_006/index/reverse_stripes/reverse_00028.tif",495570,""
"BLOCK_006","reverse",29,7169,7424,256,7200,"SOURCE_1","core/BLOCK_006/index/reverse_stripes/reverse_00029.tif",506578,""
"BLOCK_006","reverse",30,7425,7680,256,7200,"SOURCE_1","core/BLOCK_006/index/reverse_stripes/reverse_00030.tif",493536,""
"BLOCK_006","reverse",31,7681,7936,256,7200,"SOURCE_1","core/BLOCK_006/index/reverse_stripes/reverse_00031.tif",482680,""
"BLOCK_006","reverse",32,7937,8192,256,7200,"SOURCE_1","core/BLOCK_006/index/reverse_stripes/reverse_00032.tif",464062,""
"BLOCK_006","reverse",33,8193,8448,256,7200,"SOURCE_1","core/BLOCK_006/index/reverse_stripes/reverse_00033.tif",455796,""
"BLOCK_006","reverse",34,8449,8704,256,7200,"SOURCE_1","core/BLOCK_006/index/reverse_stripes/reverse_00034.tif",431452,""
"BLOCK_006","reverse",35,8705,8960,256,7200,"SOURCE_1","core/BLOCK_006/index/reverse_stripes/reverse_00035.tif",422216,""
"BLOCK_006","reverse",36,8961,9216,256,7200,"SOURCE_1","core/BLOCK_006/index/reverse_stripes/reverse_00036.tif",429454,""
"BLOCK_006","reverse",37,9217,9472,256,7200,"SOURCE_1","core/BLOCK_006/index/reverse_stripes/reverse_00037.tif",424382,""
"BLOCK_006","reverse",38,9473,9728,256,7200,"SOURCE_1","core/BLOCK_006/index/reverse_stripes/reverse_00038.tif",404982,""
"BLOCK_006","reverse",39,9729,9984,256,7200,"SOURCE_1","core/BLOCK_006/index/reverse_stripes/reverse_00039.tif",387244,""
"BLOCK_006","reverse",40,9985,10240,256,7200,"SOURCE_1","core/BLOCK_006/index/reverse_stripes/reverse_00040.tif",371860,""
"BLOCK_006","reverse",41,10241,10496,256,7200,"SOURCE_1","core/BLOCK_006/index/reverse_stripes/reverse_00041.tif",377978,""
"BLOCK_006","reverse",42,10497,10752,256,7200,"SOURCE_1","core/BLOCK_006/index/reverse_stripes/reverse_00042.tif",373362,""
"BLOCK_006","reverse",43,10753,11008,256,7200,"SOURCE_1","core/BLOCK_006/index/reverse_stripes/reverse_00043.tif",361264,""
"BLOCK_006","reverse",44,11009,11264,256,7200,"SOURCE_1","core/BLOCK_006/index/reverse_stripes/reverse_00044.tif",361614,""
"BLOCK_006","reverse",45,11265,11520,256,7200,"SOURCE_1","core/BLOCK_006/index/reverse_stripes/reverse_00045.tif",350338,""
"BLOCK_006","reverse",46,11521,11776,256,7200,"SOURCE_1","core/BLOCK_006/index/reverse_stripes/reverse_00046.tif",329068,""
"BLOCK_006","reverse",47,11777,12032,256,7200,"SOURCE_1","core/BLOCK_006/index/reverse_stripes/reverse_00047.tif",327910,""
"BLOCK_006","reverse",48,12033,12288,256,7200,"SOURCE_1","core/BLOCK_006/index/reverse_stripes/reverse_00048.tif",310514,""
"BLOCK_006","reverse",49,12289,12544,256,7200,"SOURCE_1","core/BLOCK_006/index/reverse_stripes/reverse_00049.tif",305872,""
"BLOCK_006","reverse",50,12545,12800,256,7200,"SOURCE_1","core/BLOCK_006/index/reverse_stripes/reverse_00050.tif",291852,""
"BLOCK_006","reverse",51,12801,13056,256,7200,"SOURCE_1","core/BLOCK_006/index/reverse_stripes/reverse_00051.tif",281120,""
"BLOCK_006","reverse",52,13057,13312,256,7200,"SOURCE_1","core/BLOCK_006/index/reverse_stripes/reverse_00052.tif",262352,""
"BLOCK_006","reverse",53,13313,13568,256,7200,"SOURCE_1","core/BLOCK_006/index/reverse_stripes/reverse_00053.tif",241596,""
"BLOCK_006","reverse",54,13569,13824,256,7200,"SOURCE_1","core/BLOCK_006/index/reverse_stripes/reverse_00054.tif",230344,""
"BLOCK_006","reverse",55,13825,14080,256,7200,"SOURCE_1","core/BLOCK_006/index/reverse_stripes/reverse_00055.tif",225812,""
"BLOCK_006","reverse",56,14081,14336,256,7200,"SOURCE_1","core/BLOCK_006/index/reverse_stripes/reverse_00056.tif",220434,""
"BLOCK_006","reverse",57,14337,14400,64,7200,"SOURCE_1","core/BLOCK_006/index/reverse_stripes/reverse_00057.tif",60046,""
"BLOCK_006","run_info",NA,NA,NA,NA,NA,"SOURCE_1","core/BLOCK_006/run_info.csv",1109,""
"BLOCK_006","stream",1,1,256,256,7200,"SOURCE_1","core/BLOCK_006/index/stream_stripes/stream_00001.tif",15060,""
"BLOCK_006","stream",2,257,512,256,7200,"SOURCE_1","core/BLOCK_006/index/stream_stripes/stream_00002.tif",17104,""
"BLOCK_006","stream",3,513,768,256,7200,"SOURCE_1","core/BLOCK_006/index/stream_stripes/stream_00003.tif",19234,""
"BLOCK_006","stream",4,769,1024,256,7200,"SOURCE_1","core/BLOCK_006/index/stream_stripes/stream_00004.tif",17096,""
"BLOCK_006","stream",5,1025,1280,256,7200,"SOURCE_1","core/BLOCK_006/index/stream_stripes/stream_00005.tif",19002,""
"BLOCK_006","stream",6,1281,1536,256,7200,"SOURCE_1","core/BLOCK_006/index/stream_stripes/stream_00006.tif",16398,""
"BLOCK_006","stream",7,1537,1792,256,7200,"SOURCE_1","core/BLOCK_006/index/stream_stripes/stream_00007.tif",18016,""
"BLOCK_006","stream",8,1793,2048,256,7200,"SOURCE_1","core/BLOCK_006/index/stream_stripes/stream_00008.tif",19750,""
"BLOCK_006","stream",9,2049,2304,256,7200,"SOURCE_1","core/BLOCK_006/index/stream_stripes/stream_00009.tif",18430,""
"BLOCK_006","stream",10,2305,2560,256,7200,"SOURCE_1","core/BLOCK_006/index/stream_stripes/stream_00010.tif",17758,""
"BLOCK_006","stream",11,2561,2816,256,7200,"SOURCE_1","core/BLOCK_006/index/stream_stripes/stream_00011.tif",18992,""
"BLOCK_006","stream",12,2817,3072,256,7200,"SOURCE_1","core/BLOCK_006/index/stream_stripes/stream_00012.tif",17924,""
"BLOCK_006","stream",13,3073,3328,256,7200,"SOURCE_1","core/BLOCK_006/index/stream_stripes/stream_00013.tif",17344,""
"BLOCK_006","stream",14,3329,3584,256,7200,"SOURCE_1","core/BLOCK_006/index/stream_stripes/stream_00014.tif",17786,""
"BLOCK_006","stream",15,3585,3840,256,7200,"SOURCE_1","core/BLOCK_006/index/stream_stripes/stream_00015.tif",16326,""
"BLOCK_006","stream",16,3841,4096,256,7200,"SOURCE_1","core/BLOCK_006/index/stream_stripes/stream_00016.tif",17858,""
"BLOCK_006","stream",17,4097,4352,256,7200,"SOURCE_1","core/BLOCK_006/index/stream_stripes/stream_00017.tif",18128,""
"BLOCK_006","stream",18,4353,4608,256,7200,"SOURCE_1","core/BLOCK_006/index/stream_stripes/stream_00018.tif",17638,""
"BLOCK_006","stream",19,4609,4864,256,7200,"SOURCE_1","core/BLOCK_006/index/stream_stripes/stream_00019.tif",16056,""
"BLOCK_006","stream",20,4865,5120,256,7200,"SOURCE_1","core/BLOCK_006/index/stream_stripes/stream_00020.tif",15854,""
"BLOCK_006","stream",21,5121,5376,256,7200,"SOURCE_1","core/BLOCK_006/index/stream_stripes/stream_00021.tif",15604,""
"BLOCK_006","stream",22,5377,5632,256,7200,"SOURCE_1","core/BLOCK_006/index/stream_stripes/stream_00022.tif",17332,""
"BLOCK_006","stream",23,5633,5888,256,7200,"SOURCE_1","core/BLOCK_006/index/stream_stripes/stream_00023.tif",16898,""
"BLOCK_006","stream",24,5889,6144,256,7200,"SOURCE_1","core/BLOCK_006/index/stream_stripes/stream_00024.tif",15732,""
"BLOCK_006","stream",25,6145,6400,256,7200,"SOURCE_1","core/BLOCK_006/index/stream_stripes/stream_00025.tif",16512,""
"BLOCK_006","stream",26,6401,6656,256,7200,"SOURCE_1","core/BLOCK_006/index/stream_stripes/stream_00026.tif",14796,""
"BLOCK_006","stream",27,6657,6912,256,7200,"SOURCE_1","core/BLOCK_006/index/stream_stripes/stream_00027.tif",14506,""
"BLOCK_006","stream",28,6913,7168,256,7200,"SOURCE_1","core/BLOCK_006/index/stream_stripes/stream_00028.tif",16332,""
"BLOCK_006","stream",29,7169,7424,256,7200,"SOURCE_1","core/BLOCK_006/index/stream_stripes/stream_00029.tif",14576,""
"BLOCK_006","stream",30,7425,7680,256,7200,"SOURCE_1","core/BLOCK_006/index/stream_stripes/stream_00030.tif",15574,""
"BLOCK_006","stream",31,7681,7936,256,7200,"SOURCE_1","core/BLOCK_006/index/stream_stripes/stream_00031.tif",14680,""
"BLOCK_006","stream",32,7937,8192,256,7200,"SOURCE_1","core/BLOCK_006/index/stream_stripes/stream_00032.tif",13102,""
"BLOCK_006","stream",33,8193,8448,256,7200,"SOURCE_1","core/BLOCK_006/index/stream_stripes/stream_00033.tif",15542,""
"BLOCK_006","stream",34,8449,8704,256,7200,"SOURCE_1","core/BLOCK_006/index/stream_stripes/stream_00034.tif",13716,""
"BLOCK_006","stream",35,8705,8960,256,7200,"SOURCE_1","core/BLOCK_006/index/stream_stripes/stream_00035.tif",14188,""
"BLOCK_006","stream",36,8961,9216,256,7200,"SOURCE_1","core/BLOCK_006/index/stream_stripes/stream_00036.tif",15432,""
"BLOCK_006","stream",37,9217,9472,256,7200,"SOURCE_1","core/BLOCK_006/index/stream_stripes/stream_00037.tif",11694,""
"BLOCK_006","stream",38,9473,9728,256,7200,"SOURCE_1","core/BLOCK_006/index/stream_stripes/stream_00038.tif",12556,""
"BLOCK_006","stream",39,9729,9984,256,7200,"SOURCE_1","core/BLOCK_006/index/stream_stripes/stream_00039.tif",13984,""
"BLOCK_006","stream",40,9985,10240,256,7200,"SOURCE_1","core/BLOCK_006/index/stream_stripes/stream_00040.tif",12214,""
"BLOCK_006","stream",41,10241,10496,256,7200,"SOURCE_1","core/BLOCK_006/index/stream_stripes/stream_00041.tif",11686,""
"BLOCK_006","stream",42,10497,10752,256,7200,"SOURCE_1","core/BLOCK_006/index/stream_stripes/stream_00042.tif",12262,""
"BLOCK_006","stream",43,10753,11008,256,7200,"SOURCE_1","core/BLOCK_006/index/stream_stripes/stream_00043.tif",12382,""
"BLOCK_006","stream",44,11009,11264,256,7200,"SOURCE_1","core/BLOCK_006/index/stream_stripes/stream_00044.tif",13442,""
"BLOCK_006","stream",45,11265,11520,256,7200,"SOURCE_1","core/BLOCK_006/index/stream_stripes/stream_00045.tif",12124,""
"BLOCK_006","stream",46,11521,11776,256,7200,"SOURCE_1","core/BLOCK_006/index/stream_stripes/stream_00046.tif",11570,""
"BLOCK_006","stream",47,11777,12032,256,7200,"SOURCE_1","core/BLOCK_006/index/stream_stripes/stream_00047.tif",11588,""
"BLOCK_006","stream",48,12033,12288,256,7200,"SOURCE_1","core/BLOCK_006/index/stream_stripes/stream_00048.tif",11790,""
"BLOCK_006","stream",49,12289,12544,256,7200,"SOURCE_1","core/BLOCK_006/index/stream_stripes/stream_00049.tif",11674,""
"BLOCK_006","stream",50,12545,12800,256,7200,"SOURCE_1","core/BLOCK_006/index/stream_stripes/stream_00050.tif",11536,""
"BLOCK_006","stream",51,12801,13056,256,7200,"SOURCE_1","core/BLOCK_006/index/stream_stripes/stream_00051.tif",13132,""
"BLOCK_006","stream",52,13057,13312,256,7200,"SOURCE_1","core/BLOCK_006/index/stream_stripes/stream_00052.tif",11580,""
"BLOCK_006","stream",53,13313,13568,256,7200,"SOURCE_1","core/BLOCK_006/index/stream_stripes/stream_00053.tif",10954,""
"BLOCK_006","stream",54,13569,13824,256,7200,"SOURCE_1","core/BLOCK_006/index/stream_stripes/stream_00054.tif",12014,""
"BLOCK_006","stream",55,13825,14080,256,7200,"SOURCE_1","core/BLOCK_006/index/stream_stripes/stream_00055.tif",12770,""
"BLOCK_006","stream",56,14081,14336,256,7200,"SOURCE_1","core/BLOCK_006/index/stream_stripes/stream_00056.tif",11452,""
"BLOCK_006","stream",57,14337,14400,64,7200,"SOURCE_1","core/BLOCK_006/index/stream_stripes/stream_00057.tif",5956,""
"BLOCK_007","hydrography",NA,NA,NA,NA,NA,"SOURCE_1","core/BLOCK_007/hydrography_block.gpkg",4730880,""
"BLOCK_007","index_metadata",NA,NA,NA,NA,NA,"SOURCE_1","core/BLOCK_007/index/index_metadata.rds",1337,""
"BLOCK_007","reverse",1,1,256,256,10800,"SOURCE_1","core/BLOCK_007/index/reverse_stripes/reverse_00001.tif",807068,""
"BLOCK_007","reverse",2,257,512,256,10800,"SOURCE_1","core/BLOCK_007/index/reverse_stripes/reverse_00002.tif",821580,""
"BLOCK_007","reverse",3,513,768,256,10800,"SOURCE_1","core/BLOCK_007/index/reverse_stripes/reverse_00003.tif",816982,""
"BLOCK_007","reverse",4,769,1024,256,10800,"SOURCE_1","core/BLOCK_007/index/reverse_stripes/reverse_00004.tif",813434,""
"BLOCK_007","reverse",5,1025,1280,256,10800,"SOURCE_1","core/BLOCK_007/index/reverse_stripes/reverse_00005.tif",790392,""
"BLOCK_007","reverse",6,1281,1536,256,10800,"SOURCE_1","core/BLOCK_007/index/reverse_stripes/reverse_00006.tif",753414,""
"BLOCK_007","reverse",7,1537,1792,256,10800,"SOURCE_1","core/BLOCK_007/index/reverse_stripes/reverse_00007.tif",717636,""
"BLOCK_007","reverse",8,1793,2048,256,10800,"SOURCE_1","core/BLOCK_007/index/reverse_stripes/reverse_00008.tif",705908,""
"BLOCK_007","reverse",9,2049,2304,256,10800,"SOURCE_1","core/BLOCK_007/index/reverse_stripes/reverse_00009.tif",678422,""
"BLOCK_007","reverse",10,2305,2560,256,10800,"SOURCE_1","core/BLOCK_007/index/reverse_stripes/reverse_00010.tif",653684,""
"BLOCK_007","reverse",11,2561,2816,256,10800,"SOURCE_1","core/BLOCK_007/index/reverse_stripes/reverse_00011.tif",636668,""
"BLOCK_007","reverse",12,2817,3072,256,10800,"SOURCE_1","core/BLOCK_007/index/reverse_stripes/reverse_00012.tif",659096,""
"BLOCK_007","reverse",13,3073,3328,256,10800,"SOURCE_1","core/BLOCK_007/index/reverse_stripes/reverse_00013.tif",664092,""
"BLOCK_007","reverse",14,3329,3584,256,10800,"SOURCE_1","core/BLOCK_007/index/reverse_stripes/reverse_00014.tif",658718,""
"BLOCK_007","reverse",15,3585,3840,256,10800,"SOURCE_1","core/BLOCK_007/index/reverse_stripes/reverse_00015.tif",673696,""
"BLOCK_007","reverse",16,3841,4096,256,10800,"SOURCE_1","core/BLOCK_007/index/reverse_stripes/reverse_00016.tif",652488,""
"BLOCK_007","reverse",17,4097,4352,256,10800,"SOURCE_1","core/BLOCK_007/index/reverse_stripes/reverse_00017.tif",622216,""
"BLOCK_007","reverse",18,4353,4608,256,10800,"SOURCE_1","core/BLOCK_007/index/reverse_stripes/reverse_00018.tif",577740,""
"BLOCK_007","reverse",19,4609,4864,256,10800,"SOURCE_1","core/BLOCK_007/index/reverse_stripes/reverse_00019.tif",557382,""
"BLOCK_007","reverse",20,4865,5120,256,10800,"SOURCE_1","core/BLOCK_007/index/reverse_stripes/reverse_00020.tif",531562,""
"BLOCK_007","reverse",21,5121,5376,256,10800,"SOURCE_1","core/BLOCK_007/index/reverse_stripes/reverse_00021.tif",531892,""
"BLOCK_007","reverse",22,5377,5632,256,10800,"SOURCE_1","core/BLOCK_007/index/reverse_stripes/reverse_00022.tif",528854,""
"BLOCK_007","reverse",23,5633,5888,256,10800,"SOURCE_1","core/BLOCK_007/index/reverse_stripes/reverse_00023.tif",506990,""
"BLOCK_007","reverse",24,5889,6144,256,10800,"SOURCE_1","core/BLOCK_007/index/reverse_stripes/reverse_00024.tif",489362,""
"BLOCK_007","reverse",25,6145,6400,256,10800,"SOURCE_1","core/BLOCK_007/index/reverse_stripes/reverse_00025.tif",497900,""
"BLOCK_007","reverse",26,6401,6656,256,10800,"SOURCE_1","core/BLOCK_007/index/reverse_stripes/reverse_00026.tif",485158,""
"BLOCK_007","reverse",27,6657,6912,256,10800,"SOURCE_1","core/BLOCK_007/index/reverse_stripes/reverse_00027.tif",468902,""
"BLOCK_007","reverse",28,6913,7168,256,10800,"SOURCE_1","core/BLOCK_007/index/reverse_stripes/reverse_00028.tif",464784,""
"BLOCK_007","reverse",29,7169,7424,256,10800,"SOURCE_1","core/BLOCK_007/index/reverse_stripes/reverse_00029.tif",446838,""
"BLOCK_007","reverse",30,7425,7680,256,10800,"SOURCE_1","core/BLOCK_007/index/reverse_stripes/reverse_00030.tif",427574,""
"BLOCK_007","reverse",31,7681,7936,256,10800,"SOURCE_1","core/BLOCK_007/index/reverse_stripes/reverse_00031.tif",417796,""
"BLOCK_007","reverse",32,7937,8192,256,10800,"SOURCE_1","core/BLOCK_007/index/reverse_stripes/reverse_00032.tif",393042,""
"BLOCK_007","reverse",33,8193,8448,256,10800,"SOURCE_1","core/BLOCK_007/index/reverse_stripes/reverse_00033.tif",382944,""
"BLOCK_007","reverse",34,8449,8704,256,10800,"SOURCE_1","core/BLOCK_007/index/reverse_stripes/reverse_00034.tif",370042,""
"BLOCK_007","reverse",35,8705,8960,256,10800,"SOURCE_1","core/BLOCK_007/index/reverse_stripes/reverse_00035.tif",367620,""
"BLOCK_007","reverse",36,8961,9216,256,10800,"SOURCE_1","core/BLOCK_007/index/reverse_stripes/reverse_00036.tif",364528,""
"BLOCK_007","reverse",37,9217,9472,256,10800,"SOURCE_1","core/BLOCK_007/index/reverse_stripes/reverse_00037.tif",366668,""
"BLOCK_007","reverse",38,9473,9728,256,10800,"SOURCE_1","core/BLOCK_007/index/reverse_stripes/reverse_00038.tif",365304,""
"BLOCK_007","reverse",39,9729,9984,256,10800,"SOURCE_1","core/BLOCK_007/index/reverse_stripes/reverse_00039.tif",387028,""
"BLOCK_007","reverse",40,9985,10240,256,10800,"SOURCE_1","core/BLOCK_007/index/reverse_stripes/reverse_00040.tif",432682,""
"BLOCK_007","reverse",41,10241,10496,256,10800,"SOURCE_1","core/BLOCK_007/index/reverse_stripes/reverse_00041.tif",457012,""
"BLOCK_007","reverse",42,10497,10752,256,10800,"SOURCE_1","core/BLOCK_007/index/reverse_stripes/reverse_00042.tif",415210,""
"BLOCK_007","reverse",43,10753,10800,48,10800,"SOURCE_1","core/BLOCK_007/index/reverse_stripes/reverse_00043.tif",90194,""
"BLOCK_007","run_info",NA,NA,NA,NA,NA,"SOURCE_1","core/BLOCK_007/run_info.csv",1111,""
"BLOCK_007","stream",1,1,256,256,10800,"SOURCE_1","core/BLOCK_007/index/stream_stripes/stream_00001.tif",22230,""
"BLOCK_007","stream",2,257,512,256,10800,"SOURCE_1","core/BLOCK_007/index/stream_stripes/stream_00002.tif",25236,""
"BLOCK_007","stream",3,513,768,256,10800,"SOURCE_1","core/BLOCK_007/index/stream_stripes/stream_00003.tif",25060,""
"BLOCK_007","stream",4,769,1024,256,10800,"SOURCE_1","core/BLOCK_007/index/stream_stripes/stream_00004.tif",25646,""
"BLOCK_007","stream",5,1025,1280,256,10800,"SOURCE_1","core/BLOCK_007/index/stream_stripes/stream_00005.tif",21774,""
"BLOCK_007","stream",6,1281,1536,256,10800,"SOURCE_1","core/BLOCK_007/index/stream_stripes/stream_00006.tif",25428,""
"BLOCK_007","stream",7,1537,1792,256,10800,"SOURCE_1","core/BLOCK_007/index/stream_stripes/stream_00007.tif",23064,""
"BLOCK_007","stream",8,1793,2048,256,10800,"SOURCE_1","core/BLOCK_007/index/stream_stripes/stream_00008.tif",20794,""
"BLOCK_007","stream",9,2049,2304,256,10800,"SOURCE_1","core/BLOCK_007/index/stream_stripes/stream_00009.tif",21038,""
"BLOCK_007","stream",10,2305,2560,256,10800,"SOURCE_1","core/BLOCK_007/index/stream_stripes/stream_00010.tif",20972,""
"BLOCK_007","stream",11,2561,2816,256,10800,"SOURCE_1","core/BLOCK_007/index/stream_stripes/stream_00011.tif",20856,""
"BLOCK_007","stream",12,2817,3072,256,10800,"SOURCE_1","core/BLOCK_007/index/stream_stripes/stream_00012.tif",21162,""
"BLOCK_007","stream",13,3073,3328,256,10800,"SOURCE_1","core/BLOCK_007/index/stream_stripes/stream_00013.tif",20632,""
"BLOCK_007","stream",14,3329,3584,256,10800,"SOURCE_1","core/BLOCK_007/index/stream_stripes/stream_00014.tif",19572,""
"BLOCK_007","stream",15,3585,3840,256,10800,"SOURCE_1","core/BLOCK_007/index/stream_stripes/stream_00015.tif",21186,""
"BLOCK_007","stream",16,3841,4096,256,10800,"SOURCE_1","core/BLOCK_007/index/stream_stripes/stream_00016.tif",21762,""
"BLOCK_007","stream",17,4097,4352,256,10800,"SOURCE_1","core/BLOCK_007/index/stream_stripes/stream_00017.tif",19674,""
"BLOCK_007","stream",18,4353,4608,256,10800,"SOURCE_1","core/BLOCK_007/index/stream_stripes/stream_00018.tif",20924,""
"BLOCK_007","stream",19,4609,4864,256,10800,"SOURCE_1","core/BLOCK_007/index/stream_stripes/stream_00019.tif",20024,""
"BLOCK_007","stream",20,4865,5120,256,10800,"SOURCE_1","core/BLOCK_007/index/stream_stripes/stream_00020.tif",21032,""
"BLOCK_007","stream",21,5121,5376,256,10800,"SOURCE_1","core/BLOCK_007/index/stream_stripes/stream_00021.tif",18542,""
"BLOCK_007","stream",22,5377,5632,256,10800,"SOURCE_1","core/BLOCK_007/index/stream_stripes/stream_00022.tif",20928,""
"BLOCK_007","stream",23,5633,5888,256,10800,"SOURCE_1","core/BLOCK_007/index/stream_stripes/stream_00023.tif",18162,""
"BLOCK_007","stream",24,5889,6144,256,10800,"SOURCE_1","core/BLOCK_007/index/stream_stripes/stream_00024.tif",18868,""
"BLOCK_007","stream",25,6145,6400,256,10800,"SOURCE_1","core/BLOCK_007/index/stream_stripes/stream_00025.tif",18892,""
"BLOCK_007","stream",26,6401,6656,256,10800,"SOURCE_1","core/BLOCK_007/index/stream_stripes/stream_00026.tif",18824,""
"BLOCK_007","stream",27,6657,6912,256,10800,"SOURCE_1","core/BLOCK_007/index/stream_stripes/stream_00027.tif",17980,""
"BLOCK_007","stream",28,6913,7168,256,10800,"SOURCE_1","core/BLOCK_007/index/stream_stripes/stream_00028.tif",18692,""
"BLOCK_007","stream",29,7169,7424,256,10800,"SOURCE_1","core/BLOCK_007/index/stream_stripes/stream_00029.tif",15380,""
"BLOCK_007","stream",30,7425,7680,256,10800,"SOURCE_1","core/BLOCK_007/index/stream_stripes/stream_00030.tif",15250,""
"BLOCK_007","stream",31,7681,7936,256,10800,"SOURCE_1","core/BLOCK_007/index/stream_stripes/stream_00031.tif",14288,""
"BLOCK_007","stream",32,7937,8192,256,10800,"SOURCE_1","core/BLOCK_007/index/stream_stripes/stream_00032.tif",15666,""
"BLOCK_007","stream",33,8193,8448,256,10800,"SOURCE_1","core/BLOCK_007/index/stream_stripes/stream_00033.tif",16434,""
"BLOCK_007","stream",34,8449,8704,256,10800,"SOURCE_1","core/BLOCK_007/index/stream_stripes/stream_00034.tif",15548,""
"BLOCK_007","stream",35,8705,8960,256,10800,"SOURCE_1","core/BLOCK_007/index/stream_stripes/stream_00035.tif",14632,""
"BLOCK_007","stream",36,8961,9216,256,10800,"SOURCE_1","core/BLOCK_007/index/stream_stripes/stream_00036.tif",15272,""
"BLOCK_007","stream",37,9217,9472,256,10800,"SOURCE_1","core/BLOCK_007/index/stream_stripes/stream_00037.tif",14790,""
"BLOCK_007","stream",38,9473,9728,256,10800,"SOURCE_1","core/BLOCK_007/index/stream_stripes/stream_00038.tif",14666,""
"BLOCK_007","stream",39,9729,9984,256,10800,"SOURCE_1","core/BLOCK_007/index/stream_stripes/stream_00039.tif",15070,""
"BLOCK_007","stream",40,9985,10240,256,10800,"SOURCE_1","core/BLOCK_007/index/stream_stripes/stream_00040.tif",19360,""
"BLOCK_007","stream",41,10241,10496,256,10800,"SOURCE_1","core/BLOCK_007/index/stream_stripes/stream_00041.tif",18064,""
"BLOCK_007","stream",42,10497,10752,256,10800,"SOURCE_1","core/BLOCK_007/index/stream_stripes/stream_00042.tif",14922,""
"BLOCK_007","stream",43,10753,10800,48,10800,"SOURCE_1","core/BLOCK_007/index/stream_stripes/stream_00043.tif",7308,""
"BLOCK_008","hydrography",NA,NA,NA,NA,NA,"SOURCE_1","core/BLOCK_008/hydrography_block.gpkg",6189056,""
"BLOCK_008","index_metadata",NA,NA,NA,NA,NA,"SOURCE_1","core/BLOCK_008/index/index_metadata.rds",1331,""
"BLOCK_008","reverse",1,1,256,256,10800,"SOURCE_1","core/BLOCK_008/index/reverse_stripes/reverse_00001.tif",597212,""
"BLOCK_008","reverse",2,257,512,256,10800,"SOURCE_1","core/BLOCK_008/index/reverse_stripes/reverse_00002.tif",596536,""
"BLOCK_008","reverse",3,513,768,256,10800,"SOURCE_1","core/BLOCK_008/index/reverse_stripes/reverse_00003.tif",601362,""
"BLOCK_008","reverse",4,769,1024,256,10800,"SOURCE_1","core/BLOCK_008/index/reverse_stripes/reverse_00004.tif",600852,""
"BLOCK_008","reverse",5,1025,1280,256,10800,"SOURCE_1","core/BLOCK_008/index/reverse_stripes/reverse_00005.tif",595466,""
"BLOCK_008","reverse",6,1281,1536,256,10800,"SOURCE_1","core/BLOCK_008/index/reverse_stripes/reverse_00006.tif",600448,""
"BLOCK_008","reverse",7,1537,1792,256,10800,"SOURCE_1","core/BLOCK_008/index/reverse_stripes/reverse_00007.tif",611544,""
"BLOCK_008","reverse",8,1793,2048,256,10800,"SOURCE_1","core/BLOCK_008/index/reverse_stripes/reverse_00008.tif",611898,""
"BLOCK_008","reverse",9,2049,2304,256,10800,"SOURCE_1","core/BLOCK_008/index/reverse_stripes/reverse_00009.tif",602246,""
"BLOCK_008","reverse",10,2305,2560,256,10800,"SOURCE_1","core/BLOCK_008/index/reverse_stripes/reverse_00010.tif",599776,""
"BLOCK_008","reverse",11,2561,2816,256,10800,"SOURCE_1","core/BLOCK_008/index/reverse_stripes/reverse_00011.tif",602084,""
"BLOCK_008","reverse",12,2817,3072,256,10800,"SOURCE_1","core/BLOCK_008/index/reverse_stripes/reverse_00012.tif",615666,""
"BLOCK_008","reverse",13,3073,3328,256,10800,"SOURCE_1","core/BLOCK_008/index/reverse_stripes/reverse_00013.tif",616994,""
"BLOCK_008","reverse",14,3329,3584,256,10800,"SOURCE_1","core/BLOCK_008/index/reverse_stripes/reverse_00014.tif",612828,""
"BLOCK_008","reverse",15,3585,3840,256,10800,"SOURCE_1","core/BLOCK_008/index/reverse_stripes/reverse_00015.tif",900718,""
"BLOCK_008","reverse",16,3841,4096,256,10800,"SOURCE_1","core/BLOCK_008/index/reverse_stripes/reverse_00016.tif",906246,""
"BLOCK_008","reverse",17,4097,4352,256,10800,"SOURCE_1","core/BLOCK_008/index/reverse_stripes/reverse_00017.tif",899014,""
"BLOCK_008","reverse",18,4353,4608,256,10800,"SOURCE_1","core/BLOCK_008/index/reverse_stripes/reverse_00018.tif",901436,""
"BLOCK_008","reverse",19,4609,4864,256,10800,"SOURCE_1","core/BLOCK_008/index/reverse_stripes/reverse_00019.tif",897884,""
"BLOCK_008","reverse",20,4865,5120,256,10800,"SOURCE_1","core/BLOCK_008/index/reverse_stripes/reverse_00020.tif",906238,""
"BLOCK_008","reverse",21,5121,5376,256,10800,"SOURCE_1","core/BLOCK_008/index/reverse_stripes/reverse_00021.tif",896922,""
"BLOCK_008","reverse",22,5377,5632,256,10800,"SOURCE_1","core/BLOCK_008/index/reverse_stripes/reverse_00022.tif",920772,""
"BLOCK_008","reverse",23,5633,5888,256,10800,"SOURCE_1","core/BLOCK_008/index/reverse_stripes/reverse_00023.tif",922408,""
"BLOCK_008","reverse",24,5889,6144,256,10800,"SOURCE_1","core/BLOCK_008/index/reverse_stripes/reverse_00024.tif",902756,""
"BLOCK_008","reverse",25,6145,6400,256,10800,"SOURCE_1","core/BLOCK_008/index/reverse_stripes/reverse_00025.tif",856846,""
"BLOCK_008","reverse",26,6401,6656,256,10800,"SOURCE_1","core/BLOCK_008/index/reverse_stripes/reverse_00026.tif",833338,""
"BLOCK_008","reverse",27,6657,6912,256,10800,"SOURCE_1","core/BLOCK_008/index/reverse_stripes/reverse_00027.tif",796998,""
"BLOCK_008","reverse",28,6913,7168,256,10800,"SOURCE_1","core/BLOCK_008/index/reverse_stripes/reverse_00028.tif",770128,""
"BLOCK_008","reverse",29,7169,7424,256,10800,"SOURCE_1","core/BLOCK_008/index/reverse_stripes/reverse_00029.tif",764012,""
"BLOCK_008","reverse",30,7425,7680,256,10800,"SOURCE_1","core/BLOCK_008/index/reverse_stripes/reverse_00030.tif",770470,""
"BLOCK_008","reverse",31,7681,7936,256,10800,"SOURCE_1","core/BLOCK_008/index/reverse_stripes/reverse_00031.tif",709910,""
"BLOCK_008","reverse",32,7937,8192,256,10800,"SOURCE_1","core/BLOCK_008/index/reverse_stripes/reverse_00032.tif",678424,""
"BLOCK_008","reverse",33,8193,8448,256,10800,"SOURCE_1","core/BLOCK_008/index/reverse_stripes/reverse_00033.tif",626088,""
"BLOCK_008","reverse",34,8449,8704,256,10800,"SOURCE_1","core/BLOCK_008/index/reverse_stripes/reverse_00034.tif",643968,""
"BLOCK_008","reverse",35,8705,8960,256,10800,"SOURCE_1","core/BLOCK_008/index/reverse_stripes/reverse_00035.tif",605384,""
"BLOCK_008","reverse",36,8961,9216,256,10800,"SOURCE_1","core/BLOCK_008/index/reverse_stripes/reverse_00036.tif",588396,""
"BLOCK_008","reverse",37,9217,9472,256,10800,"SOURCE_1","core/BLOCK_008/index/reverse_stripes/reverse_00037.tif",532634,""
"BLOCK_008","reverse",38,9473,9728,256,10800,"SOURCE_1","core/BLOCK_008/index/reverse_stripes/reverse_00038.tif",511248,""
"BLOCK_008","reverse",39,9729,9984,256,10800,"SOURCE_1","core/BLOCK_008/index/reverse_stripes/reverse_00039.tif",472532,""
"BLOCK_008","reverse",40,9985,10240,256,10800,"SOURCE_1","core/BLOCK_008/index/reverse_stripes/reverse_00040.tif",470612,""
"BLOCK_008","reverse",41,10241,10496,256,10800,"SOURCE_1","core/BLOCK_008/index/reverse_stripes/reverse_00041.tif",426522,""
"BLOCK_008","reverse",42,10497,10752,256,10800,"SOURCE_1","core/BLOCK_008/index/reverse_stripes/reverse_00042.tif",374574,""
"BLOCK_008","reverse",43,10753,10800,48,10800,"SOURCE_1","core/BLOCK_008/index/reverse_stripes/reverse_00043.tif",76366,""
"BLOCK_008","run_info",NA,NA,NA,NA,NA,"SOURCE_1","core/BLOCK_008/run_info.csv",1111,""
"BLOCK_008","stream",1,1,256,256,10800,"SOURCE_1","core/BLOCK_008/index/stream_stripes/stream_00001.tif",16940,""
"BLOCK_008","stream",2,257,512,256,10800,"SOURCE_1","core/BLOCK_008/index/stream_stripes/stream_00002.tif",19708,""
"BLOCK_008","stream",3,513,768,256,10800,"SOURCE_1","core/BLOCK_008/index/stream_stripes/stream_00003.tif",19560,""
"BLOCK_008","stream",4,769,1024,256,10800,"SOURCE_1","core/BLOCK_008/index/stream_stripes/stream_00004.tif",19952,""
"BLOCK_008","stream",5,1025,1280,256,10800,"SOURCE_1","core/BLOCK_008/index/stream_stripes/stream_00005.tif",19698,""
"BLOCK_008","stream",6,1281,1536,256,10800,"SOURCE_1","core/BLOCK_008/index/stream_stripes/stream_00006.tif",17978,""
"BLOCK_008","stream",7,1537,1792,256,10800,"SOURCE_1","core/BLOCK_008/index/stream_stripes/stream_00007.tif",19796,""
"BLOCK_008","stream",8,1793,2048,256,10800,"SOURCE_1","core/BLOCK_008/index/stream_stripes/stream_00008.tif",19362,""
"BLOCK_008","stream",9,2049,2304,256,10800,"SOURCE_1","core/BLOCK_008/index/stream_stripes/stream_00009.tif",21278,""
"BLOCK_008","stream",10,2305,2560,256,10800,"SOURCE_1","core/BLOCK_008/index/stream_stripes/stream_00010.tif",17056,""
"BLOCK_008","stream",11,2561,2816,256,10800,"SOURCE_1","core/BLOCK_008/index/stream_stripes/stream_00011.tif",19278,""
"BLOCK_008","stream",12,2817,3072,256,10800,"SOURCE_1","core/BLOCK_008/index/stream_stripes/stream_00012.tif",22150,""
"BLOCK_008","stream",13,3073,3328,256,10800,"SOURCE_1","core/BLOCK_008/index/stream_stripes/stream_00013.tif",20752,""
"BLOCK_008","stream",14,3329,3584,256,10800,"SOURCE_1","core/BLOCK_008/index/stream_stripes/stream_00014.tif",20458,""
"BLOCK_008","stream",15,3585,3840,256,10800,"SOURCE_1","core/BLOCK_008/index/stream_stripes/stream_00015.tif",27238,""
"BLOCK_008","stream",16,3841,4096,256,10800,"SOURCE_1","core/BLOCK_008/index/stream_stripes/stream_00016.tif",27700,""
"BLOCK_008","stream",17,4097,4352,256,10800,"SOURCE_1","core/BLOCK_008/index/stream_stripes/stream_00017.tif",27318,""
"BLOCK_008","stream",18,4353,4608,256,10800,"SOURCE_1","core/BLOCK_008/index/stream_stripes/stream_00018.tif",29696,""
"BLOCK_008","stream",19,4609,4864,256,10800,"SOURCE_1","core/BLOCK_008/index/stream_stripes/stream_00019.tif",27370,""
"BLOCK_008","stream",20,4865,5120,256,10800,"SOURCE_1","core/BLOCK_008/index/stream_stripes/stream_00020.tif",27222,""
"BLOCK_008","stream",21,5121,5376,256,10800,"SOURCE_1","core/BLOCK_008/index/stream_stripes/stream_00021.tif",28190,""
"BLOCK_008","stream",22,5377,5632,256,10800,"SOURCE_1","core/BLOCK_008/index/stream_stripes/stream_00022.tif",28990,""
"BLOCK_008","stream",23,5633,5888,256,10800,"SOURCE_1","core/BLOCK_008/index/stream_stripes/stream_00023.tif",27270,""
"BLOCK_008","stream",24,5889,6144,256,10800,"SOURCE_1","core/BLOCK_008/index/stream_stripes/stream_00024.tif",27516,""
"BLOCK_008","stream",25,6145,6400,256,10800,"SOURCE_1","core/BLOCK_008/index/stream_stripes/stream_00025.tif",27002,""
"BLOCK_008","stream",26,6401,6656,256,10800,"SOURCE_1","core/BLOCK_008/index/stream_stripes/stream_00026.tif",31058,""
"BLOCK_008","stream",27,6657,6912,256,10800,"SOURCE_1","core/BLOCK_008/index/stream_stripes/stream_00027.tif",25932,""
"BLOCK_008","stream",28,6913,7168,256,10800,"SOURCE_1","core/BLOCK_008/index/stream_stripes/stream_00028.tif",28560,""
"BLOCK_008","stream",29,7169,7424,256,10800,"SOURCE_1","core/BLOCK_008/index/stream_stripes/stream_00029.tif",23220,""
"BLOCK_008","stream",30,7425,7680,256,10800,"SOURCE_1","core/BLOCK_008/index/stream_stripes/stream_00030.tif",23264,""
"BLOCK_008","stream",31,7681,7936,256,10800,"SOURCE_1","core/BLOCK_008/index/stream_stripes/stream_00031.tif",21898,""
"BLOCK_008","stream",32,7937,8192,256,10800,"SOURCE_1","core/BLOCK_008/index/stream_stripes/stream_00032.tif",22638,""
"BLOCK_008","stream",33,8193,8448,256,10800,"SOURCE_1","core/BLOCK_008/index/stream_stripes/stream_00033.tif",19766,""
"BLOCK_008","stream",34,8449,8704,256,10800,"SOURCE_1","core/BLOCK_008/index/stream_stripes/stream_00034.tif",21280,""
"BLOCK_008","stream",35,8705,8960,256,10800,"SOURCE_1","core/BLOCK_008/index/stream_stripes/stream_00035.tif",21274,""
"BLOCK_008","stream",36,8961,9216,256,10800,"SOURCE_1","core/BLOCK_008/index/stream_stripes/stream_00036.tif",21464,""
"BLOCK_008","stream",37,9217,9472,256,10800,"SOURCE_1","core/BLOCK_008/index/stream_stripes/stream_00037.tif",20842,""
"BLOCK_008","stream",38,9473,9728,256,10800,"SOURCE_1","core/BLOCK_008/index/stream_stripes/stream_00038.tif",23242,""
"BLOCK_008","stream",39,9729,9984,256,10800,"SOURCE_1","core/BLOCK_008/index/stream_stripes/stream_00039.tif",21204,""
"BLOCK_008","stream",40,9985,10240,256,10800,"SOURCE_1","core/BLOCK_008/index/stream_stripes/stream_00040.tif",18604,""
"BLOCK_008","stream",41,10241,10496,256,10800,"SOURCE_1","core/BLOCK_008/index/stream_stripes/stream_00041.tif",17482,""
"BLOCK_008","stream",42,10497,10752,256,10800,"SOURCE_1","core/BLOCK_008/index/stream_stripes/stream_00042.tif",19006,""
"BLOCK_008","stream",43,10753,10800,48,10800,"SOURCE_1","core/BLOCK_008/index/stream_stripes/stream_00043.tif",8218,""
"BLOCK_009","hydrography",NA,NA,NA,NA,NA,"SOURCE_1","core/BLOCK_009/hydrography_block.gpkg",6344704,""
"BLOCK_009","index_metadata",NA,NA,NA,NA,NA,"SOURCE_1","core/BLOCK_009/index/index_metadata.rds",1345,""
"BLOCK_009","reverse",1,1,256,256,14400,"SOURCE_1","core/BLOCK_009/index/reverse_stripes/reverse_00001.tif",584140,""
"BLOCK_009","reverse",2,257,512,256,14400,"SOURCE_1","core/BLOCK_009/index/reverse_stripes/reverse_00002.tif",589008,""
"BLOCK_009","reverse",3,513,768,256,14400,"SOURCE_1","core/BLOCK_009/index/reverse_stripes/reverse_00003.tif",590588,""
"BLOCK_009","reverse",4,769,1024,256,14400,"SOURCE_1","core/BLOCK_009/index/reverse_stripes/reverse_00004.tif",599492,""
"BLOCK_009","reverse",5,1025,1280,256,14400,"SOURCE_1","core/BLOCK_009/index/reverse_stripes/reverse_00005.tif",597400,""
"BLOCK_009","reverse",6,1281,1536,256,14400,"SOURCE_1","core/BLOCK_009/index/reverse_stripes/reverse_00006.tif",610370,""
"BLOCK_009","reverse",7,1537,1792,256,14400,"SOURCE_1","core/BLOCK_009/index/reverse_stripes/reverse_00007.tif",607002,""
"BLOCK_009","reverse",8,1793,2048,256,14400,"SOURCE_1","core/BLOCK_009/index/reverse_stripes/reverse_00008.tif",600650,""
"BLOCK_009","reverse",9,2049,2304,256,14400,"SOURCE_1","core/BLOCK_009/index/reverse_stripes/reverse_00009.tif",613628,""
"BLOCK_009","reverse",10,2305,2560,256,14400,"SOURCE_1","core/BLOCK_009/index/reverse_stripes/reverse_00010.tif",608706,""
"BLOCK_009","reverse",11,2561,2816,256,14400,"SOURCE_1","core/BLOCK_009/index/reverse_stripes/reverse_00011.tif",598008,""
"BLOCK_009","reverse",12,2817,3072,256,14400,"SOURCE_1","core/BLOCK_009/index/reverse_stripes/reverse_00012.tif",601034,""
"BLOCK_009","reverse",13,3073,3328,256,14400,"SOURCE_1","core/BLOCK_009/index/reverse_stripes/reverse_00013.tif",596264,""
"BLOCK_009","reverse",14,3329,3584,256,14400,"SOURCE_1","core/BLOCK_009/index/reverse_stripes/reverse_00014.tif",612790,""
"BLOCK_009","reverse",15,3585,3840,256,14400,"SOURCE_1","core/BLOCK_009/index/reverse_stripes/reverse_00015.tif",1192254,""
"BLOCK_009","reverse",16,3841,4096,256,14400,"SOURCE_1","core/BLOCK_009/index/reverse_stripes/reverse_00016.tif",1208254,""
"BLOCK_009","reverse",17,4097,4352,256,14400,"SOURCE_1","core/BLOCK_009/index/reverse_stripes/reverse_00017.tif",1197848,""
"BLOCK_009","reverse",18,4353,4608,256,14400,"SOURCE_1","core/BLOCK_009/index/reverse_stripes/reverse_00018.tif",1202668,""
"BLOCK_009","reverse",19,4609,4864,256,14400,"SOURCE_1","core/BLOCK_009/index/reverse_stripes/reverse_00019.tif",1156748,""
"BLOCK_009","reverse",20,4865,5120,256,14400,"SOURCE_1","core/BLOCK_009/index/reverse_stripes/reverse_00020.tif",1186200,""
"BLOCK_009","reverse",21,5121,5376,256,14400,"SOURCE_1","core/BLOCK_009/index/reverse_stripes/reverse_00021.tif",1193538,""
"BLOCK_009","reverse",22,5377,5632,256,14400,"SOURCE_1","core/BLOCK_009/index/reverse_stripes/reverse_00022.tif",1185948,""
"BLOCK_009","reverse",23,5633,5888,256,14400,"SOURCE_1","core/BLOCK_009/index/reverse_stripes/reverse_00023.tif",1171556,""
"BLOCK_009","reverse",24,5889,6144,256,14400,"SOURCE_1","core/BLOCK_009/index/reverse_stripes/reverse_00024.tif",1193700,""
"BLOCK_009","reverse",25,6145,6400,256,14400,"SOURCE_1","core/BLOCK_009/index/reverse_stripes/reverse_00025.tif",1170216,""
"BLOCK_009","reverse",26,6401,6656,256,14400,"SOURCE_1","core/BLOCK_009/index/reverse_stripes/reverse_00026.tif",1207806,""
"BLOCK_009","reverse",27,6657,6912,256,14400,"SOURCE_1","core/BLOCK_009/index/reverse_stripes/reverse_00027.tif",1234060,""
"BLOCK_009","reverse",28,6913,7168,256,14400,"SOURCE_1","core/BLOCK_009/index/reverse_stripes/reverse_00028.tif",1242220,""
"BLOCK_009","reverse",29,7169,7424,256,14400,"SOURCE_1","core/BLOCK_009/index/reverse_stripes/reverse_00029.tif",762292,""
"BLOCK_009","reverse",30,7425,7680,256,14400,"SOURCE_1","core/BLOCK_009/index/reverse_stripes/reverse_00030.tif",641660,""
"BLOCK_009","reverse",31,7681,7936,256,14400,"SOURCE_1","core/BLOCK_009/index/reverse_stripes/reverse_00031.tif",599326,""
"BLOCK_009","reverse",32,7937,8192,256,14400,"SOURCE_1","core/BLOCK_009/index/reverse_stripes/reverse_00032.tif",532052,""
"BLOCK_009","reverse",33,8193,8448,256,14400,"SOURCE_1","core/BLOCK_009/index/reverse_stripes/reverse_00033.tif",456812,""
"BLOCK_009","reverse",34,8449,8704,256,14400,"SOURCE_1","core/BLOCK_009/index/reverse_stripes/reverse_00034.tif",426554,""
"BLOCK_009","reverse",35,8705,8960,256,14400,"SOURCE_1","core/BLOCK_009/index/reverse_stripes/reverse_00035.tif",374076,""
"BLOCK_009","reverse",36,8961,9216,256,14400,"SOURCE_1","core/BLOCK_009/index/reverse_stripes/reverse_00036.tif",329090,""
"BLOCK_009","reverse",37,9217,9472,256,14400,"SOURCE_1","core/BLOCK_009/index/reverse_stripes/reverse_00037.tif",275392,""
"BLOCK_009","reverse",38,9473,9728,256,14400,"SOURCE_1","core/BLOCK_009/index/reverse_stripes/reverse_00038.tif",210880,""
"BLOCK_009","reverse",39,9729,9984,256,14400,"SOURCE_1","core/BLOCK_009/index/reverse_stripes/reverse_00039.tif",139842,""
"BLOCK_009","reverse",40,9985,10240,256,14400,"SOURCE_1","core/BLOCK_009/index/reverse_stripes/reverse_00040.tif",113460,""
"BLOCK_009","reverse",41,10241,10496,256,14400,"SOURCE_1","core/BLOCK_009/index/reverse_stripes/reverse_00041.tif",99998,""
"BLOCK_009","reverse",42,10497,10752,256,14400,"SOURCE_1","core/BLOCK_009/index/reverse_stripes/reverse_00042.tif",59536,""
"BLOCK_009","reverse",43,10753,10800,48,14400,"SOURCE_1","core/BLOCK_009/index/reverse_stripes/reverse_00043.tif",15228,""
"BLOCK_009","run_info",NA,NA,NA,NA,NA,"SOURCE_1","core/BLOCK_009/run_info.csv",1109,""
"BLOCK_009","stream",1,1,256,256,14400,"SOURCE_1","core/BLOCK_009/index/stream_stripes/stream_00001.tif",20500,""
"BLOCK_009","stream",2,257,512,256,14400,"SOURCE_1","core/BLOCK_009/index/stream_stripes/stream_00002.tif",21014,""
"BLOCK_009","stream",3,513,768,256,14400,"SOURCE_1","core/BLOCK_009/index/stream_stripes/stream_00003.tif",21954,""
"BLOCK_009","stream",4,769,1024,256,14400,"SOURCE_1","core/BLOCK_009/index/stream_stripes/stream_00004.tif",22804,""
"BLOCK_009","stream",5,1025,1280,256,14400,"SOURCE_1","core/BLOCK_009/index/stream_stripes/stream_00005.tif",23036,""
"BLOCK_009","stream",6,1281,1536,256,14400,"SOURCE_1","core/BLOCK_009/index/stream_stripes/stream_00006.tif",22722,""
"BLOCK_009","stream",7,1537,1792,256,14400,"SOURCE_1","core/BLOCK_009/index/stream_stripes/stream_00007.tif",20574,""
"BLOCK_009","stream",8,1793,2048,256,14400,"SOURCE_1","core/BLOCK_009/index/stream_stripes/stream_00008.tif",21216,""
"BLOCK_009","stream",9,2049,2304,256,14400,"SOURCE_1","core/BLOCK_009/index/stream_stripes/stream_00009.tif",20706,""
"BLOCK_009","stream",10,2305,2560,256,14400,"SOURCE_1","core/BLOCK_009/index/stream_stripes/stream_00010.tif",20382,""
"BLOCK_009","stream",11,2561,2816,256,14400,"SOURCE_1","core/BLOCK_009/index/stream_stripes/stream_00011.tif",19864,""
"BLOCK_009","stream",12,2817,3072,256,14400,"SOURCE_1","core/BLOCK_009/index/stream_stripes/stream_00012.tif",20502,""
"BLOCK_009","stream",13,3073,3328,256,14400,"SOURCE_1","core/BLOCK_009/index/stream_stripes/stream_00013.tif",20478,""
"BLOCK_009","stream",14,3329,3584,256,14400,"SOURCE_1","core/BLOCK_009/index/stream_stripes/stream_00014.tif",21382,""
"BLOCK_009","stream",15,3585,3840,256,14400,"SOURCE_1","core/BLOCK_009/index/stream_stripes/stream_00015.tif",32486,""
"BLOCK_009","stream",16,3841,4096,256,14400,"SOURCE_1","core/BLOCK_009/index/stream_stripes/stream_00016.tif",35676,""
"BLOCK_009","stream",17,4097,4352,256,14400,"SOURCE_1","core/BLOCK_009/index/stream_stripes/stream_00017.tif",36602,""
"BLOCK_009","stream",18,4353,4608,256,14400,"SOURCE_1","core/BLOCK_009/index/stream_stripes/stream_00018.tif",39190,""
"BLOCK_009","stream",19,4609,4864,256,14400,"SOURCE_1","core/BLOCK_009/index/stream_stripes/stream_00019.tif",34850,""
"BLOCK_009","stream",20,4865,5120,256,14400,"SOURCE_1","core/BLOCK_009/index/stream_stripes/stream_00020.tif",35850,""
"BLOCK_009","stream",21,5121,5376,256,14400,"SOURCE_1","core/BLOCK_009/index/stream_stripes/stream_00021.tif",37022,""
"BLOCK_009","stream",22,5377,5632,256,14400,"SOURCE_1","core/BLOCK_009/index/stream_stripes/stream_00022.tif",38980,""
"BLOCK_009","stream",23,5633,5888,256,14400,"SOURCE_1","core/BLOCK_009/index/stream_stripes/stream_00023.tif",37268,""
"BLOCK_009","stream",24,5889,6144,256,14400,"SOURCE_1","core/BLOCK_009/index/stream_stripes/stream_00024.tif",43546,""
"BLOCK_009","stream",25,6145,6400,256,14400,"SOURCE_1","core/BLOCK_009/index/stream_stripes/stream_00025.tif",37162,""
"BLOCK_009","stream",26,6401,6656,256,14400,"SOURCE_1","core/BLOCK_009/index/stream_stripes/stream_00026.tif",35640,""
"BLOCK_009","stream",27,6657,6912,256,14400,"SOURCE_1","core/BLOCK_009/index/stream_stripes/stream_00027.tif",35932,""
"BLOCK_009","stream",28,6913,7168,256,14400,"SOURCE_1","core/BLOCK_009/index/stream_stripes/stream_00028.tif",35064,""
"BLOCK_009","stream",29,7169,7424,256,14400,"SOURCE_1","core/BLOCK_009/index/stream_stripes/stream_00029.tif",23604,""
"BLOCK_009","stream",30,7425,7680,256,14400,"SOURCE_1","core/BLOCK_009/index/stream_stripes/stream_00030.tif",23882,""
"BLOCK_009","stream",31,7681,7936,256,14400,"SOURCE_1","core/BLOCK_009/index/stream_stripes/stream_00031.tif",25012,""
"BLOCK_009","stream",32,7937,8192,256,14400,"SOURCE_1","core/BLOCK_009/index/stream_stripes/stream_00032.tif",23262,""
"BLOCK_009","stream",33,8193,8448,256,14400,"SOURCE_1","core/BLOCK_009/index/stream_stripes/stream_00033.tif",22000,""
"BLOCK_009","stream",34,8449,8704,256,14400,"SOURCE_1","core/BLOCK_009/index/stream_stripes/stream_00034.tif",20652,""
"BLOCK_009","stream",35,8705,8960,256,14400,"SOURCE_1","core/BLOCK_009/index/stream_stripes/stream_00035.tif",20624,""
"BLOCK_009","stream",36,8961,9216,256,14400,"SOURCE_1","core/BLOCK_009/index/stream_stripes/stream_00036.tif",19396,""
"BLOCK_009","stream",37,9217,9472,256,14400,"SOURCE_1","core/BLOCK_009/index/stream_stripes/stream_00037.tif",18326,""
"BLOCK_009","stream",38,9473,9728,256,14400,"SOURCE_1","core/BLOCK_009/index/stream_stripes/stream_00038.tif",16684,""
"BLOCK_009","stream",39,9729,9984,256,14400,"SOURCE_1","core/BLOCK_009/index/stream_stripes/stream_00039.tif",13234,""
"BLOCK_009","stream",40,9985,10240,256,14400,"SOURCE_1","core/BLOCK_009/index/stream_stripes/stream_00040.tif",13724,""
"BLOCK_009","stream",41,10241,10496,256,14400,"SOURCE_1","core/BLOCK_009/index/stream_stripes/stream_00041.tif",13198,""
"BLOCK_009","stream",42,10497,10752,256,14400,"SOURCE_1","core/BLOCK_009/index/stream_stripes/stream_00042.tif",13926,""
"BLOCK_009","stream",43,10753,10800,48,14400,"SOURCE_1","core/BLOCK_009/index/stream_stripes/stream_00043.tif",8530,""
"BLOCK_010","hydrography",NA,NA,NA,NA,NA,"SOURCE_1","core/BLOCK_010/hydrography_block.gpkg",6197248,""
"BLOCK_010","index_metadata",NA,NA,NA,NA,NA,"SOURCE_1","core/BLOCK_010/index/index_metadata.rds",1347,""
"BLOCK_010","reverse",1,1,256,256,14400,"SOURCE_1","core/BLOCK_010/index/reverse_stripes/reverse_00001.tif",912640,""
"BLOCK_010","reverse",2,257,512,256,14400,"SOURCE_1","core/BLOCK_010/index/reverse_stripes/reverse_00002.tif",896562,""
"BLOCK_010","reverse",3,513,768,256,14400,"SOURCE_1","core/BLOCK_010/index/reverse_stripes/reverse_00003.tif",900884,""
"BLOCK_010","reverse",4,769,1024,256,14400,"SOURCE_1","core/BLOCK_010/index/reverse_stripes/reverse_00004.tif",922426,""
"BLOCK_010","reverse",5,1025,1280,256,14400,"SOURCE_1","core/BLOCK_010/index/reverse_stripes/reverse_00005.tif",898402,""
"BLOCK_010","reverse",6,1281,1536,256,14400,"SOURCE_1","core/BLOCK_010/index/reverse_stripes/reverse_00006.tif",901322,""
"BLOCK_010","reverse",7,1537,1792,256,14400,"SOURCE_1","core/BLOCK_010/index/reverse_stripes/reverse_00007.tif",910422,""
"BLOCK_010","reverse",8,1793,2048,256,14400,"SOURCE_1","core/BLOCK_010/index/reverse_stripes/reverse_00008.tif",889576,""
"BLOCK_010","reverse",9,2049,2304,256,14400,"SOURCE_1","core/BLOCK_010/index/reverse_stripes/reverse_00009.tif",875734,""
"BLOCK_010","reverse",10,2305,2560,256,14400,"SOURCE_1","core/BLOCK_010/index/reverse_stripes/reverse_00010.tif",883632,""
"BLOCK_010","reverse",11,2561,2816,256,14400,"SOURCE_1","core/BLOCK_010/index/reverse_stripes/reverse_00011.tif",854488,""
"BLOCK_010","reverse",12,2817,3072,256,14400,"SOURCE_1","core/BLOCK_010/index/reverse_stripes/reverse_00012.tif",878342,""
"BLOCK_010","reverse",13,3073,3328,256,14400,"SOURCE_1","core/BLOCK_010/index/reverse_stripes/reverse_00013.tif",886006,""
"BLOCK_010","reverse",14,3329,3584,256,14400,"SOURCE_1","core/BLOCK_010/index/reverse_stripes/reverse_00014.tif",898240,""
"BLOCK_010","reverse",15,3585,3840,256,14400,"SOURCE_1","core/BLOCK_010/index/reverse_stripes/reverse_00015.tif",1108252,""
"BLOCK_010","reverse",16,3841,4096,256,14400,"SOURCE_1","core/BLOCK_010/index/reverse_stripes/reverse_00016.tif",1135348,""
"BLOCK_010","reverse",17,4097,4352,256,14400,"SOURCE_1","core/BLOCK_010/index/reverse_stripes/reverse_00017.tif",1119744,""
"BLOCK_010","reverse",18,4353,4608,256,14400,"SOURCE_1","core/BLOCK_010/index/reverse_stripes/reverse_00018.tif",1161522,""
"BLOCK_010","reverse",19,4609,4864,256,14400,"SOURCE_1","core/BLOCK_010/index/reverse_stripes/reverse_00019.tif",1173708,""
"BLOCK_010","reverse",20,4865,5120,256,14400,"SOURCE_1","core/BLOCK_010/index/reverse_stripes/reverse_00020.tif",1160820,""
"BLOCK_010","reverse",21,5121,5376,256,14400,"SOURCE_1","core/BLOCK_010/index/reverse_stripes/reverse_00021.tif",1199490,""
"BLOCK_010","reverse",22,5377,5632,256,14400,"SOURCE_1","core/BLOCK_010/index/reverse_stripes/reverse_00022.tif",1198440,""
"BLOCK_010","reverse",23,5633,5888,256,14400,"SOURCE_1","core/BLOCK_010/index/reverse_stripes/reverse_00023.tif",1148734,""
"BLOCK_010","reverse",24,5889,6144,256,14400,"SOURCE_1","core/BLOCK_010/index/reverse_stripes/reverse_00024.tif",1069914,""
"BLOCK_010","reverse",25,6145,6400,256,14400,"SOURCE_1","core/BLOCK_010/index/reverse_stripes/reverse_00025.tif",994102,""
"BLOCK_010","reverse",26,6401,6656,256,14400,"SOURCE_1","core/BLOCK_010/index/reverse_stripes/reverse_00026.tif",985856,""
"BLOCK_010","reverse",27,6657,6912,256,14400,"SOURCE_1","core/BLOCK_010/index/reverse_stripes/reverse_00027.tif",963704,""
"BLOCK_010","reverse",28,6913,7168,256,14400,"SOURCE_1","core/BLOCK_010/index/reverse_stripes/reverse_00028.tif",937412,""
"BLOCK_010","reverse",29,7169,7424,256,14400,"SOURCE_1","core/BLOCK_010/index/reverse_stripes/reverse_00029.tif",434608,""
"BLOCK_010","reverse",30,7425,7680,256,14400,"SOURCE_1","core/BLOCK_010/index/reverse_stripes/reverse_00030.tif",330788,""
"BLOCK_010","reverse",31,7681,7936,256,14400,"SOURCE_1","core/BLOCK_010/index/reverse_stripes/reverse_00031.tif",289674,""
"BLOCK_010","reverse",32,7937,8192,256,14400,"SOURCE_1","core/BLOCK_010/index/reverse_stripes/reverse_00032.tif",212786,""
"BLOCK_010","reverse",33,8193,8448,256,14400,"SOURCE_1","core/BLOCK_010/index/reverse_stripes/reverse_00033.tif",167516,""
"BLOCK_010","reverse",34,8449,8704,256,14400,"SOURCE_1","core/BLOCK_010/index/reverse_stripes/reverse_00034.tif",141424,""
"BLOCK_010","reverse",35,8705,8960,256,14400,"SOURCE_1","core/BLOCK_010/index/reverse_stripes/reverse_00035.tif",141856,""
"BLOCK_010","reverse",36,8961,9216,256,14400,"SOURCE_1","core/BLOCK_010/index/reverse_stripes/reverse_00036.tif",133406,""
"BLOCK_010","reverse",37,9217,9472,256,14400,"SOURCE_1","core/BLOCK_010/index/reverse_stripes/reverse_00037.tif",123090,""
"BLOCK_010","reverse",38,9473,9728,256,14400,"SOURCE_1","core/BLOCK_010/index/reverse_stripes/reverse_00038.tif",126776,""
"BLOCK_010","reverse",39,9729,9984,256,14400,"SOURCE_1","core/BLOCK_010/index/reverse_stripes/reverse_00039.tif",83256,""
"BLOCK_010","reverse",40,9985,10240,256,14400,"SOURCE_1","core/BLOCK_010/index/reverse_stripes/reverse_00040.tif",59398,""
"BLOCK_010","reverse",41,10241,10496,256,14400,"SOURCE_1","core/BLOCK_010/index/reverse_stripes/reverse_00041.tif",25748,""
"BLOCK_010","reverse",42,10497,10752,256,14400,"SOURCE_1","core/BLOCK_010/index/reverse_stripes/reverse_00042.tif",8871,""
"BLOCK_010","reverse",43,10753,10800,48,14400,"SOURCE_1","core/BLOCK_010/index/reverse_stripes/reverse_00043.tif",7417,""
"BLOCK_010","run_info",NA,NA,NA,NA,NA,"SOURCE_1","core/BLOCK_010/run_info.csv",1111,""
"BLOCK_010","stream",1,1,256,256,14400,"SOURCE_1","core/BLOCK_010/index/stream_stripes/stream_00001.tif",24832,""
"BLOCK_010","stream",2,257,512,256,14400,"SOURCE_1","core/BLOCK_010/index/stream_stripes/stream_00002.tif",27840,""
"BLOCK_010","stream",3,513,768,256,14400,"SOURCE_1","core/BLOCK_010/index/stream_stripes/stream_00003.tif",29424,""
"BLOCK_010","stream",4,769,1024,256,14400,"SOURCE_1","core/BLOCK_010/index/stream_stripes/stream_00004.tif",30754,""
"BLOCK_010","stream",5,1025,1280,256,14400,"SOURCE_1","core/BLOCK_010/index/stream_stripes/stream_00005.tif",28170,""
"BLOCK_010","stream",6,1281,1536,256,14400,"SOURCE_1","core/BLOCK_010/index/stream_stripes/stream_00006.tif",29414,""
"BLOCK_010","stream",7,1537,1792,256,14400,"SOURCE_1","core/BLOCK_010/index/stream_stripes/stream_00007.tif",29988,""
"BLOCK_010","stream",8,1793,2048,256,14400,"SOURCE_1","core/BLOCK_010/index/stream_stripes/stream_00008.tif",30482,""
"BLOCK_010","stream",9,2049,2304,256,14400,"SOURCE_1","core/BLOCK_010/index/stream_stripes/stream_00009.tif",29202,""
"BLOCK_010","stream",10,2305,2560,256,14400,"SOURCE_1","core/BLOCK_010/index/stream_stripes/stream_00010.tif",32576,""
"BLOCK_010","stream",11,2561,2816,256,14400,"SOURCE_1","core/BLOCK_010/index/stream_stripes/stream_00011.tif",27682,""
"BLOCK_010","stream",12,2817,3072,256,14400,"SOURCE_1","core/BLOCK_010/index/stream_stripes/stream_00012.tif",30070,""
"BLOCK_010","stream",13,3073,3328,256,14400,"SOURCE_1","core/BLOCK_010/index/stream_stripes/stream_00013.tif",29426,""
"BLOCK_010","stream",14,3329,3584,256,14400,"SOURCE_1","core/BLOCK_010/index/stream_stripes/stream_00014.tif",28462,""
"BLOCK_010","stream",15,3585,3840,256,14400,"SOURCE_1","core/BLOCK_010/index/stream_stripes/stream_00015.tif",33868,""
"BLOCK_010","stream",16,3841,4096,256,14400,"SOURCE_1","core/BLOCK_010/index/stream_stripes/stream_00016.tif",38556,""
"BLOCK_010","stream",17,4097,4352,256,14400,"SOURCE_1","core/BLOCK_010/index/stream_stripes/stream_00017.tif",37330,""
"BLOCK_010","stream",18,4353,4608,256,14400,"SOURCE_1","core/BLOCK_010/index/stream_stripes/stream_00018.tif",36790,""
"BLOCK_010","stream",19,4609,4864,256,14400,"SOURCE_1","core/BLOCK_010/index/stream_stripes/stream_00019.tif",38094,""
"BLOCK_010","stream",20,4865,5120,256,14400,"SOURCE_1","core/BLOCK_010/index/stream_stripes/stream_00020.tif",41170,""
"BLOCK_010","stream",21,5121,5376,256,14400,"SOURCE_1","core/BLOCK_010/index/stream_stripes/stream_00021.tif",39788,""
"BLOCK_010","stream",22,5377,5632,256,14400,"SOURCE_1","core/BLOCK_010/index/stream_stripes/stream_00022.tif",37910,""
"BLOCK_010","stream",23,5633,5888,256,14400,"SOURCE_1","core/BLOCK_010/index/stream_stripes/stream_00023.tif",36638,""
"BLOCK_010","stream",24,5889,6144,256,14400,"SOURCE_1","core/BLOCK_010/index/stream_stripes/stream_00024.tif",37500,""
"BLOCK_010","stream",25,6145,6400,256,14400,"SOURCE_1","core/BLOCK_010/index/stream_stripes/stream_00025.tif",36150,""
"BLOCK_010","stream",26,6401,6656,256,14400,"SOURCE_1","core/BLOCK_010/index/stream_stripes/stream_00026.tif",32962,""
"BLOCK_010","stream",27,6657,6912,256,14400,"SOURCE_1","core/BLOCK_010/index/stream_stripes/stream_00027.tif",31974,""
"BLOCK_010","stream",28,6913,7168,256,14400,"SOURCE_1","core/BLOCK_010/index/stream_stripes/stream_00028.tif",31642,""
"BLOCK_010","stream",29,7169,7424,256,14400,"SOURCE_1","core/BLOCK_010/index/stream_stripes/stream_00029.tif",16226,""
"BLOCK_010","stream",30,7425,7680,256,14400,"SOURCE_1","core/BLOCK_010/index/stream_stripes/stream_00030.tif",14080,""
"BLOCK_010","stream",31,7681,7936,256,14400,"SOURCE_1","core/BLOCK_010/index/stream_stripes/stream_00031.tif",13330,""
"BLOCK_010","stream",32,7937,8192,256,14400,"SOURCE_1","core/BLOCK_010/index/stream_stripes/stream_00032.tif",12386,""
"BLOCK_010","stream",33,8193,8448,256,14400,"SOURCE_1","core/BLOCK_010/index/stream_stripes/stream_00033.tif",11104,""
"BLOCK_010","stream",34,8449,8704,256,14400,"SOURCE_1","core/BLOCK_010/index/stream_stripes/stream_00034.tif",9532,""
"BLOCK_010","stream",35,8705,8960,256,14400,"SOURCE_1","core/BLOCK_010/index/stream_stripes/stream_00035.tif",9586,""
"BLOCK_010","stream",36,8961,9216,256,14400,"SOURCE_1","core/BLOCK_010/index/stream_stripes/stream_00036.tif",9968,""
"BLOCK_010","stream",37,9217,9472,256,14400,"SOURCE_1","core/BLOCK_010/index/stream_stripes/stream_00037.tif",10732,""
"BLOCK_010","stream",38,9473,9728,256,14400,"SOURCE_1","core/BLOCK_010/index/stream_stripes/stream_00038.tif",9422,""
"BLOCK_010","stream",39,9729,9984,256,14400,"SOURCE_1","core/BLOCK_010/index/stream_stripes/stream_00039.tif",9048,""
"BLOCK_010","stream",40,9985,10240,256,14400,"SOURCE_1","core/BLOCK_010/index/stream_stripes/stream_00040.tif",9022,""
"BLOCK_010","stream",41,10241,10496,256,14400,"SOURCE_1","core/BLOCK_010/index/stream_stripes/stream_00041.tif",8198,""
"BLOCK_010","stream",42,10497,10752,256,14400,"SOURCE_1","core/BLOCK_010/index/stream_stripes/stream_00042.tif",7544,""
"BLOCK_010","stream",43,10753,10800,48,14400,"SOURCE_1","core/BLOCK_010/index/stream_stripes/stream_00043.tif",7078,""
"BLOCK_011","hydrography",NA,NA,NA,NA,NA,"SOURCE_1","core/BLOCK_011/hydrography_block.gpkg",2064384,""
"BLOCK_011","index_metadata",NA,NA,NA,NA,NA,"SOURCE_1","core/BLOCK_011/index/index_metadata.rds",1334,""
"BLOCK_011","reverse",1,1,256,256,7200,"SOURCE_1","core/BLOCK_011/index/reverse_stripes/reverse_00001.tif",443588,""
"BLOCK_011","reverse",2,257,512,256,7200,"SOURCE_1","core/BLOCK_011/index/reverse_stripes/reverse_00002.tif",425938,""
"BLOCK_011","reverse",3,513,768,256,7200,"SOURCE_1","core/BLOCK_011/index/reverse_stripes/reverse_00003.tif",414394,""
"BLOCK_011","reverse",4,769,1024,256,7200,"SOURCE_1","core/BLOCK_011/index/reverse_stripes/reverse_00004.tif",390052,""
"BLOCK_011","reverse",5,1025,1280,256,7200,"SOURCE_1","core/BLOCK_011/index/reverse_stripes/reverse_00005.tif",380022,""
"BLOCK_011","reverse",6,1281,1536,256,7200,"SOURCE_1","core/BLOCK_011/index/reverse_stripes/reverse_00006.tif",368946,""
"BLOCK_011","reverse",7,1537,1792,256,7200,"SOURCE_1","core/BLOCK_011/index/reverse_stripes/reverse_00007.tif",364578,""
"BLOCK_011","reverse",8,1793,2048,256,7200,"SOURCE_1","core/BLOCK_011/index/reverse_stripes/reverse_00008.tif",362630,""
"BLOCK_011","reverse",9,2049,2304,256,7200,"SOURCE_1","core/BLOCK_011/index/reverse_stripes/reverse_00009.tif",364688,""
"BLOCK_011","reverse",10,2305,2560,256,7200,"SOURCE_1","core/BLOCK_011/index/reverse_stripes/reverse_00010.tif",364402,""
"BLOCK_011","reverse",11,2561,2816,256,7200,"SOURCE_1","core/BLOCK_011/index/reverse_stripes/reverse_00011.tif",387610,""
"BLOCK_011","reverse",12,2817,3072,256,7200,"SOURCE_1","core/BLOCK_011/index/reverse_stripes/reverse_00012.tif",436870,""
"BLOCK_011","reverse",13,3073,3328,256,7200,"SOURCE_1","core/BLOCK_011/index/reverse_stripes/reverse_00013.tif",451138,""
"BLOCK_011","reverse",14,3329,3584,256,7200,"SOURCE_1","core/BLOCK_011/index/reverse_stripes/reverse_00014.tif",411994,""
"BLOCK_011","reverse",15,3585,3840,256,7200,"SOURCE_1","core/BLOCK_011/index/reverse_stripes/reverse_00015.tif",420900,""
"BLOCK_011","reverse",16,3841,4096,256,7200,"SOURCE_1","core/BLOCK_011/index/reverse_stripes/reverse_00016.tif",428492,""
"BLOCK_011","reverse",17,4097,4352,256,7200,"SOURCE_1","core/BLOCK_011/index/reverse_stripes/reverse_00017.tif",399800,""
"BLOCK_011","reverse",18,4353,4608,256,7200,"SOURCE_1","core/BLOCK_011/index/reverse_stripes/reverse_00018.tif",369350,""
"BLOCK_011","reverse",19,4609,4864,256,7200,"SOURCE_1","core/BLOCK_011/index/reverse_stripes/reverse_00019.tif",360742,""
"BLOCK_011","reverse",20,4865,5120,256,7200,"SOURCE_1","core/BLOCK_011/index/reverse_stripes/reverse_00020.tif",353138,""
"BLOCK_011","reverse",21,5121,5376,256,7200,"SOURCE_1","core/BLOCK_011/index/reverse_stripes/reverse_00021.tif",319430,""
"BLOCK_011","reverse",22,5377,5632,256,7200,"SOURCE_1","core/BLOCK_011/index/reverse_stripes/reverse_00022.tif",331280,""
"BLOCK_011","reverse",23,5633,5888,256,7200,"SOURCE_1","core/BLOCK_011/index/reverse_stripes/reverse_00023.tif",322632,""
"BLOCK_011","reverse",24,5889,6144,256,7200,"SOURCE_1","core/BLOCK_011/index/reverse_stripes/reverse_00024.tif",309218,""
"BLOCK_011","reverse",25,6145,6400,256,7200,"SOURCE_1","core/BLOCK_011/index/reverse_stripes/reverse_00025.tif",261406,""
"BLOCK_011","reverse",26,6401,6656,256,7200,"SOURCE_1","core/BLOCK_011/index/reverse_stripes/reverse_00026.tif",233324,""
"BLOCK_011","reverse",27,6657,6912,256,7200,"SOURCE_1","core/BLOCK_011/index/reverse_stripes/reverse_00027.tif",191810,""
"BLOCK_011","reverse",28,6913,7168,256,7200,"SOURCE_1","core/BLOCK_011/index/reverse_stripes/reverse_00028.tif",158812,""
"BLOCK_011","reverse",29,7169,7200,32,7200,"SOURCE_1","core/BLOCK_011/index/reverse_stripes/reverse_00029.tif",25310,""
"BLOCK_011","run_info",NA,NA,NA,NA,NA,"SOURCE_1","core/BLOCK_011/run_info.csv",1000,""
"BLOCK_011","stream",1,1,256,256,7200,"SOURCE_1","core/BLOCK_011/index/stream_stripes/stream_00001.tif",12702,""
"BLOCK_011","stream",2,257,512,256,7200,"SOURCE_1","core/BLOCK_011/index/stream_stripes/stream_00002.tif",14118,""
"BLOCK_011","stream",3,513,768,256,7200,"SOURCE_1","core/BLOCK_011/index/stream_stripes/stream_00003.tif",13626,""
"BLOCK_011","stream",4,769,1024,256,7200,"SOURCE_1","core/BLOCK_011/index/stream_stripes/stream_00004.tif",14474,""
"BLOCK_011","stream",5,1025,1280,256,7200,"SOURCE_1","core/BLOCK_011/index/stream_stripes/stream_00005.tif",14720,""
"BLOCK_011","stream",6,1281,1536,256,7200,"SOURCE_1","core/BLOCK_011/index/stream_stripes/stream_00006.tif",13694,""
"BLOCK_011","stream",7,1537,1792,256,7200,"SOURCE_1","core/BLOCK_011/index/stream_stripes/stream_00007.tif",12736,""
"BLOCK_011","stream",8,1793,2048,256,7200,"SOURCE_1","core/BLOCK_011/index/stream_stripes/stream_00008.tif",14068,""
"BLOCK_011","stream",9,2049,2304,256,7200,"SOURCE_1","core/BLOCK_011/index/stream_stripes/stream_00009.tif",12734,""
"BLOCK_011","stream",10,2305,2560,256,7200,"SOURCE_1","core/BLOCK_011/index/stream_stripes/stream_00010.tif",12224,""
"BLOCK_011","stream",11,2561,2816,256,7200,"SOURCE_1","core/BLOCK_011/index/stream_stripes/stream_00011.tif",13084,""
"BLOCK_011","stream",12,2817,3072,256,7200,"SOURCE_1","core/BLOCK_011/index/stream_stripes/stream_00012.tif",17568,""
"BLOCK_011","stream",13,3073,3328,256,7200,"SOURCE_1","core/BLOCK_011/index/stream_stripes/stream_00013.tif",15620,""
"BLOCK_011","stream",14,3329,3584,256,7200,"SOURCE_1","core/BLOCK_011/index/stream_stripes/stream_00014.tif",13598,""
"BLOCK_011","stream",15,3585,3840,256,7200,"SOURCE_1","core/BLOCK_011/index/stream_stripes/stream_00015.tif",13070,""
"BLOCK_011","stream",16,3841,4096,256,7200,"SOURCE_1","core/BLOCK_011/index/stream_stripes/stream_00016.tif",14398,""
"BLOCK_011","stream",17,4097,4352,256,7200,"SOURCE_1","core/BLOCK_011/index/stream_stripes/stream_00017.tif",13184,""
"BLOCK_011","stream",18,4353,4608,256,7200,"SOURCE_1","core/BLOCK_011/index/stream_stripes/stream_00018.tif",13240,""
"BLOCK_011","stream",19,4609,4864,256,7200,"SOURCE_1","core/BLOCK_011/index/stream_stripes/stream_00019.tif",13534,""
"BLOCK_011","stream",20,4865,5120,256,7200,"SOURCE_1","core/BLOCK_011/index/stream_stripes/stream_00020.tif",11894,""
"BLOCK_011","stream",21,5121,5376,256,7200,"SOURCE_1","core/BLOCK_011/index/stream_stripes/stream_00021.tif",13612,""
"BLOCK_011","stream",22,5377,5632,256,7200,"SOURCE_1","core/BLOCK_011/index/stream_stripes/stream_00022.tif",13350,""
"BLOCK_011","stream",23,5633,5888,256,7200,"SOURCE_1","core/BLOCK_011/index/stream_stripes/stream_00023.tif",11936,""
"BLOCK_011","stream",24,5889,6144,256,7200,"SOURCE_1","core/BLOCK_011/index/stream_stripes/stream_00024.tif",12754,""
"BLOCK_011","stream",25,6145,6400,256,7200,"SOURCE_1","core/BLOCK_011/index/stream_stripes/stream_00025.tif",10892,""
"BLOCK_011","stream",26,6401,6656,256,7200,"SOURCE_1","core/BLOCK_011/index/stream_stripes/stream_00026.tif",12600,""
"BLOCK_011","stream",27,6657,6912,256,7200,"SOURCE_1","core/BLOCK_011/index/stream_stripes/stream_00027.tif",10934,""
"BLOCK_011","stream",28,6913,7168,256,7200,"SOURCE_1","core/BLOCK_011/index/stream_stripes/stream_00028.tif",9910,""
"BLOCK_011","stream",29,7169,7200,32,7200,"SOURCE_1","core/BLOCK_011/index/stream_stripes/stream_00029.tif",4606,""
"BLOCK_012","hydrography",NA,NA,NA,NA,NA,"SOURCE_1","core/BLOCK_012/hydrography_block.gpkg",5070848,""
"BLOCK_012","index_metadata",NA,NA,NA,NA,NA,"SOURCE_1","core/BLOCK_012/index/index_metadata.rds",1333,""
"BLOCK_012","reverse",1,1,256,256,10800,"SOURCE_1","core/BLOCK_012/index/reverse_stripes/reverse_00001.tif",683298,""
"BLOCK_012","reverse",2,257,512,256,10800,"SOURCE_1","core/BLOCK_012/index/reverse_stripes/reverse_00002.tif",695086,""
"BLOCK_012","reverse",3,513,768,256,10800,"SOURCE_1","core/BLOCK_012/index/reverse_stripes/reverse_00003.tif",709254,""
"BLOCK_012","reverse",4,769,1024,256,10800,"SOURCE_1","core/BLOCK_012/index/reverse_stripes/reverse_00004.tif",704004,""
"BLOCK_012","reverse",5,1025,1280,256,10800,"SOURCE_1","core/BLOCK_012/index/reverse_stripes/reverse_00005.tif",701094,""
"BLOCK_012","reverse",6,1281,1536,256,10800,"SOURCE_1","core/BLOCK_012/index/reverse_stripes/reverse_00006.tif",687752,""
"BLOCK_012","reverse",7,1537,1792,256,10800,"SOURCE_1","core/BLOCK_012/index/reverse_stripes/reverse_00007.tif",661758,""
"BLOCK_012","reverse",8,1793,2048,256,10800,"SOURCE_1","core/BLOCK_012/index/reverse_stripes/reverse_00008.tif",642094,""
"BLOCK_012","reverse",9,2049,2304,256,10800,"SOURCE_1","core/BLOCK_012/index/reverse_stripes/reverse_00009.tif",647756,""
"BLOCK_012","reverse",10,2305,2560,256,10800,"SOURCE_1","core/BLOCK_012/index/reverse_stripes/reverse_00010.tif",628824,""
"BLOCK_012","reverse",11,2561,2816,256,10800,"SOURCE_1","core/BLOCK_012/index/reverse_stripes/reverse_00011.tif",618346,""
"BLOCK_012","reverse",12,2817,3072,256,10800,"SOURCE_1","core/BLOCK_012/index/reverse_stripes/reverse_00012.tif",659218,""
"BLOCK_012","reverse",13,3073,3328,256,10800,"SOURCE_1","core/BLOCK_012/index/reverse_stripes/reverse_00013.tif",704012,""
"BLOCK_012","reverse",14,3329,3584,256,10800,"SOURCE_1","core/BLOCK_012/index/reverse_stripes/reverse_00014.tif",699786,""
"BLOCK_012","reverse",15,3585,3840,256,10800,"SOURCE_1","core/BLOCK_012/index/reverse_stripes/reverse_00015.tif",957328,""
"BLOCK_012","reverse",16,3841,4096,256,10800,"SOURCE_1","core/BLOCK_012/index/reverse_stripes/reverse_00016.tif",969758,""
"BLOCK_012","reverse",17,4097,4352,256,10800,"SOURCE_1","core/BLOCK_012/index/reverse_stripes/reverse_00017.tif",918012,""
"BLOCK_012","reverse",18,4353,4608,256,10800,"SOURCE_1","core/BLOCK_012/index/reverse_stripes/reverse_00018.tif",846522,""
"BLOCK_012","reverse",19,4609,4864,256,10800,"SOURCE_1","core/BLOCK_012/index/reverse_stripes/reverse_00019.tif",734432,""
"BLOCK_012","reverse",20,4865,5120,256,10800,"SOURCE_1","core/BLOCK_012/index/reverse_stripes/reverse_00020.tif",728376,""
"BLOCK_012","reverse",21,5121,5376,256,10800,"SOURCE_1","core/BLOCK_012/index/reverse_stripes/reverse_00021.tif",745766,""
"BLOCK_012","reverse",22,5377,5632,256,10800,"SOURCE_1","core/BLOCK_012/index/reverse_stripes/reverse_00022.tif",721928,""
"BLOCK_012","reverse",23,5633,5888,256,10800,"SOURCE_1","core/BLOCK_012/index/reverse_stripes/reverse_00023.tif",696578,""
"BLOCK_012","reverse",24,5889,6144,256,10800,"SOURCE_1","core/BLOCK_012/index/reverse_stripes/reverse_00024.tif",673848,""
"BLOCK_012","reverse",25,6145,6400,256,10800,"SOURCE_1","core/BLOCK_012/index/reverse_stripes/reverse_00025.tif",653720,""
"BLOCK_012","reverse",26,6401,6656,256,10800,"SOURCE_1","core/BLOCK_012/index/reverse_stripes/reverse_00026.tif",644556,""
"BLOCK_012","reverse",27,6657,6912,256,10800,"SOURCE_1","core/BLOCK_012/index/reverse_stripes/reverse_00027.tif",629004,""
"BLOCK_012","reverse",28,6913,7168,256,10800,"SOURCE_1","core/BLOCK_012/index/reverse_stripes/reverse_00028.tif",610368,""
"BLOCK_012","reverse",29,7169,7424,256,10800,"SOURCE_1","core/BLOCK_012/index/reverse_stripes/reverse_00029.tif",584604,""
"BLOCK_012","reverse",30,7425,7680,256,10800,"SOURCE_1","core/BLOCK_012/index/reverse_stripes/reverse_00030.tif",539190,""
"BLOCK_012","reverse",31,7681,7936,256,10800,"SOURCE_1","core/BLOCK_012/index/reverse_stripes/reverse_00031.tif",529510,""
"BLOCK_012","reverse",32,7937,8192,256,10800,"SOURCE_1","core/BLOCK_012/index/reverse_stripes/reverse_00032.tif",510992,""
"BLOCK_012","reverse",33,8193,8448,256,10800,"SOURCE_1","core/BLOCK_012/index/reverse_stripes/reverse_00033.tif",499448,""
"BLOCK_012","reverse",34,8449,8704,256,10800,"SOURCE_1","core/BLOCK_012/index/reverse_stripes/reverse_00034.tif",498736,""
"BLOCK_012","reverse",35,8705,8960,256,10800,"SOURCE_1","core/BLOCK_012/index/reverse_stripes/reverse_00035.tif",500848,""
"BLOCK_012","reverse",36,8961,9216,256,10800,"SOURCE_1","core/BLOCK_012/index/reverse_stripes/reverse_00036.tif",487624,""
"BLOCK_012","reverse",37,9217,9472,256,10800,"SOURCE_1","core/BLOCK_012/index/reverse_stripes/reverse_00037.tif",493238,""
"BLOCK_012","reverse",38,9473,9728,256,10800,"SOURCE_1","core/BLOCK_012/index/reverse_stripes/reverse_00038.tif",469594,""
"BLOCK_012","reverse",39,9729,9984,256,10800,"SOURCE_1","core/BLOCK_012/index/reverse_stripes/reverse_00039.tif",455688,""
"BLOCK_012","reverse",40,9985,10240,256,10800,"SOURCE_1","core/BLOCK_012/index/reverse_stripes/reverse_00040.tif",429882,""
"BLOCK_012","reverse",41,10241,10496,256,10800,"SOURCE_1","core/BLOCK_012/index/reverse_stripes/reverse_00041.tif",412360,""
"BLOCK_012","reverse",42,10497,10752,256,10800,"SOURCE_1","core/BLOCK_012/index/reverse_stripes/reverse_00042.tif",404954,""
"BLOCK_012","reverse",43,10753,10800,48,10800,"SOURCE_1","core/BLOCK_012/index/reverse_stripes/reverse_00043.tif",85792,""
"BLOCK_012","run_info",NA,NA,NA,NA,NA,"SOURCE_1","core/BLOCK_012/run_info.csv",1084,""
"BLOCK_012","stream",1,1,256,256,10800,"SOURCE_1","core/BLOCK_012/index/stream_stripes/stream_00001.tif",18906,""
"BLOCK_012","stream",2,257,512,256,10800,"SOURCE_1","core/BLOCK_012/index/stream_stripes/stream_00002.tif",21242,""
"BLOCK_012","stream",3,513,768,256,10800,"SOURCE_1","core/BLOCK_012/index/stream_stripes/stream_00003.tif",21196,""
"BLOCK_012","stream",4,769,1024,256,10800,"SOURCE_1","core/BLOCK_012/index/stream_stripes/stream_00004.tif",21514,""
"BLOCK_012","stream",5,1025,1280,256,10800,"SOURCE_1","core/BLOCK_012/index/stream_stripes/stream_00005.tif",22152,""
"BLOCK_012","stream",6,1281,1536,256,10800,"SOURCE_1","core/BLOCK_012/index/stream_stripes/stream_00006.tif",22886,""
"BLOCK_012","stream",7,1537,1792,256,10800,"SOURCE_1","core/BLOCK_012/index/stream_stripes/stream_00007.tif",21178,""
"BLOCK_012","stream",8,1793,2048,256,10800,"SOURCE_1","core/BLOCK_012/index/stream_stripes/stream_00008.tif",19974,""
"BLOCK_012","stream",9,2049,2304,256,10800,"SOURCE_1","core/BLOCK_012/index/stream_stripes/stream_00009.tif",19180,""
"BLOCK_012","stream",10,2305,2560,256,10800,"SOURCE_1","core/BLOCK_012/index/stream_stripes/stream_00010.tif",19940,""
"BLOCK_012","stream",11,2561,2816,256,10800,"SOURCE_1","core/BLOCK_012/index/stream_stripes/stream_00011.tif",22390,""
"BLOCK_012","stream",12,2817,3072,256,10800,"SOURCE_1","core/BLOCK_012/index/stream_stripes/stream_00012.tif",22796,""
"BLOCK_012","stream",13,3073,3328,256,10800,"SOURCE_1","core/BLOCK_012/index/stream_stripes/stream_00013.tif",24906,""
"BLOCK_012","stream",14,3329,3584,256,10800,"SOURCE_1","core/BLOCK_012/index/stream_stripes/stream_00014.tif",19474,""
"BLOCK_012","stream",15,3585,3840,256,10800,"SOURCE_1","core/BLOCK_012/index/stream_stripes/stream_00015.tif",27506,""
"BLOCK_012","stream",16,3841,4096,256,10800,"SOURCE_1","core/BLOCK_012/index/stream_stripes/stream_00016.tif",28344,""
"BLOCK_012","stream",17,4097,4352,256,10800,"SOURCE_1","core/BLOCK_012/index/stream_stripes/stream_00017.tif",27514,""
"BLOCK_012","stream",18,4353,4608,256,10800,"SOURCE_1","core/BLOCK_012/index/stream_stripes/stream_00018.tif",28208,""
"BLOCK_012","stream",19,4609,4864,256,10800,"SOURCE_1","core/BLOCK_012/index/stream_stripes/stream_00019.tif",24660,""
"BLOCK_012","stream",20,4865,5120,256,10800,"SOURCE_1","core/BLOCK_012/index/stream_stripes/stream_00020.tif",24558,""
"BLOCK_012","stream",21,5121,5376,256,10800,"SOURCE_1","core/BLOCK_012/index/stream_stripes/stream_00021.tif",22774,""
"BLOCK_012","stream",22,5377,5632,256,10800,"SOURCE_1","core/BLOCK_012/index/stream_stripes/stream_00022.tif",21860,""
"BLOCK_012","stream",23,5633,5888,256,10800,"SOURCE_1","core/BLOCK_012/index/stream_stripes/stream_00023.tif",22754,""
"BLOCK_012","stream",24,5889,6144,256,10800,"SOURCE_1","core/BLOCK_012/index/stream_stripes/stream_00024.tif",21928,""
"BLOCK_012","stream",25,6145,6400,256,10800,"SOURCE_1","core/BLOCK_012/index/stream_stripes/stream_00025.tif",21456,""
"BLOCK_012","stream",26,6401,6656,256,10800,"SOURCE_1","core/BLOCK_012/index/stream_stripes/stream_00026.tif",20032,""
"BLOCK_012","stream",27,6657,6912,256,10800,"SOURCE_1","core/BLOCK_012/index/stream_stripes/stream_00027.tif",19080,""
"BLOCK_012","stream",28,6913,7168,256,10800,"SOURCE_1","core/BLOCK_012/index/stream_stripes/stream_00028.tif",18244,""
"BLOCK_012","stream",29,7169,7424,256,10800,"SOURCE_1","core/BLOCK_012/index/stream_stripes/stream_00029.tif",18274,""
"BLOCK_012","stream",30,7425,7680,256,10800,"SOURCE_1","core/BLOCK_012/index/stream_stripes/stream_00030.tif",17678,""
"BLOCK_012","stream",31,7681,7936,256,10800,"SOURCE_1","core/BLOCK_012/index/stream_stripes/stream_00031.tif",18134,""
"BLOCK_012","stream",32,7937,8192,256,10800,"SOURCE_1","core/BLOCK_012/index/stream_stripes/stream_00032.tif",17332,""
"BLOCK_012","stream",33,8193,8448,256,10800,"SOURCE_1","core/BLOCK_012/index/stream_stripes/stream_00033.tif",17580,""
"BLOCK_012","stream",34,8449,8704,256,10800,"SOURCE_1","core/BLOCK_012/index/stream_stripes/stream_00034.tif",12796,""
"BLOCK_012","stream",35,8705,8960,256,10800,"SOURCE_1","core/BLOCK_012/index/stream_stripes/stream_00035.tif",18294,""
"BLOCK_012","stream",36,8961,9216,256,10800,"SOURCE_1","core/BLOCK_012/index/stream_stripes/stream_00036.tif",17088,""
"BLOCK_012","stream",37,9217,9472,256,10800,"SOURCE_1","core/BLOCK_012/index/stream_stripes/stream_00037.tif",18050,""
"BLOCK_012","stream",38,9473,9728,256,10800,"SOURCE_1","core/BLOCK_012/index/stream_stripes/stream_00038.tif",17362,""
"BLOCK_012","stream",39,9729,9984,256,10800,"SOURCE_1","core/BLOCK_012/index/stream_stripes/stream_00039.tif",18356,""
"BLOCK_012","stream",40,9985,10240,256,10800,"SOURCE_1","core/BLOCK_012/index/stream_stripes/stream_00040.tif",16842,""
"BLOCK_012","stream",41,10241,10496,256,10800,"SOURCE_1","core/BLOCK_012/index/stream_stripes/stream_00041.tif",16218,""
"BLOCK_012","stream",42,10497,10752,256,10800,"SOURCE_1","core/BLOCK_012/index/stream_stripes/stream_00042.tif",15902,""
"BLOCK_012","stream",43,10753,10800,48,10800,"SOURCE_1","core/BLOCK_012/index/stream_stripes/stream_00043.tif",7714,""
"BLOCK_013","hydrography",NA,NA,NA,NA,NA,"SOURCE_1","core/BLOCK_013/hydrography_block.gpkg",1269760,""
"BLOCK_013","index_metadata",NA,NA,NA,NA,NA,"SOURCE_1","core/BLOCK_013/index/index_metadata.rds",1327,""
"BLOCK_013","reverse",1,1,256,256,7200,"SOURCE_1","core/BLOCK_013/index/reverse_stripes/reverse_00001.tif",377700,""
"BLOCK_013","reverse",2,257,512,256,7200,"SOURCE_1","core/BLOCK_013/index/reverse_stripes/reverse_00002.tif",419294,""
"BLOCK_013","reverse",3,513,768,256,7200,"SOURCE_1","core/BLOCK_013/index/reverse_stripes/reverse_00003.tif",434894,""
"BLOCK_013","reverse",4,769,1024,256,7200,"SOURCE_1","core/BLOCK_013/index/reverse_stripes/reverse_00004.tif",434604,""
"BLOCK_013","reverse",5,1025,1280,256,7200,"SOURCE_1","core/BLOCK_013/index/reverse_stripes/reverse_00005.tif",395472,""
"BLOCK_013","reverse",6,1281,1536,256,7200,"SOURCE_1","core/BLOCK_013/index/reverse_stripes/reverse_00006.tif",364404,""
"BLOCK_013","reverse",7,1537,1792,256,7200,"SOURCE_1","core/BLOCK_013/index/reverse_stripes/reverse_00007.tif",341264,""
"BLOCK_013","reverse",8,1793,2048,256,7200,"SOURCE_1","core/BLOCK_013/index/reverse_stripes/reverse_00008.tif",326046,""
"BLOCK_013","reverse",9,2049,2304,256,7200,"SOURCE_1","core/BLOCK_013/index/reverse_stripes/reverse_00009.tif",317370,""
"BLOCK_013","reverse",10,2305,2560,256,7200,"SOURCE_1","core/BLOCK_013/index/reverse_stripes/reverse_00010.tif",296420,""
"BLOCK_013","reverse",11,2561,2816,256,7200,"SOURCE_1","core/BLOCK_013/index/reverse_stripes/reverse_00011.tif",285982,""
"BLOCK_013","reverse",12,2817,3072,256,7200,"SOURCE_1","core/BLOCK_013/index/reverse_stripes/reverse_00012.tif",349290,""
"BLOCK_013","reverse",13,3073,3328,256,7200,"SOURCE_1","core/BLOCK_013/index/reverse_stripes/reverse_00013.tif",413638,""
"BLOCK_013","reverse",14,3329,3584,256,7200,"SOURCE_1","core/BLOCK_013/index/reverse_stripes/reverse_00014.tif",422410,""
"BLOCK_013","reverse",15,3585,3840,256,7200,"SOURCE_1","core/BLOCK_013/index/reverse_stripes/reverse_00015.tif",369718,""
"BLOCK_013","reverse",16,3841,4096,256,7200,"SOURCE_1","core/BLOCK_013/index/reverse_stripes/reverse_00016.tif",338230,""
"BLOCK_013","reverse",17,4097,4352,256,7200,"SOURCE_1","core/BLOCK_013/index/reverse_stripes/reverse_00017.tif",261648,""
"BLOCK_013","reverse",18,4353,4608,256,7200,"SOURCE_1","core/BLOCK_013/index/reverse_stripes/reverse_00018.tif",201050,""
"BLOCK_013","reverse",19,4609,4864,256,7200,"SOURCE_1","core/BLOCK_013/index/reverse_stripes/reverse_00019.tif",107788,""
"BLOCK_013","reverse",20,4865,5120,256,7200,"SOURCE_1","core/BLOCK_013/index/reverse_stripes/reverse_00020.tif",94470,""
"BLOCK_013","reverse",21,5121,5376,256,7200,"SOURCE_1","core/BLOCK_013/index/reverse_stripes/reverse_00021.tif",88712,""
"BLOCK_013","reverse",22,5377,5632,256,7200,"SOURCE_1","core/BLOCK_013/index/reverse_stripes/reverse_00022.tif",69868,""
"BLOCK_013","reverse",23,5633,5888,256,7200,"SOURCE_1","core/BLOCK_013/index/reverse_stripes/reverse_00023.tif",51930,""
"BLOCK_013","reverse",24,5889,6144,256,7200,"SOURCE_1","core/BLOCK_013/index/reverse_stripes/reverse_00024.tif",33540,""
"BLOCK_013","reverse",25,6145,6400,256,7200,"SOURCE_1","core/BLOCK_013/index/reverse_stripes/reverse_00025.tif",10158,""
"BLOCK_013","reverse",26,6401,6656,256,7200,"SOURCE_1","core/BLOCK_013/index/reverse_stripes/reverse_00026.tif",6311,""
"BLOCK_013","reverse",27,6657,6912,256,7200,"SOURCE_1","core/BLOCK_013/index/reverse_stripes/reverse_00027.tif",6420,""
"BLOCK_013","reverse",28,6913,7168,256,7200,"SOURCE_1","core/BLOCK_013/index/reverse_stripes/reverse_00028.tif",8908,""
"BLOCK_013","reverse",29,7169,7200,32,7200,"SOURCE_1","core/BLOCK_013/index/reverse_stripes/reverse_00029.tif",4537,""
"BLOCK_013","run_info",NA,NA,NA,NA,NA,"SOURCE_1","core/BLOCK_013/run_info.csv",1000,""
"BLOCK_013","stream",1,1,256,256,7200,"SOURCE_1","core/BLOCK_013/index/stream_stripes/stream_00001.tif",12338,""
"BLOCK_013","stream",2,257,512,256,7200,"SOURCE_1","core/BLOCK_013/index/stream_stripes/stream_00002.tif",14978,""
"BLOCK_013","stream",3,513,768,256,7200,"SOURCE_1","core/BLOCK_013/index/stream_stripes/stream_00003.tif",13304,""
"BLOCK_013","stream",4,769,1024,256,7200,"SOURCE_1","core/BLOCK_013/index/stream_stripes/stream_00004.tif",13452,""
"BLOCK_013","stream",5,1025,1280,256,7200,"SOURCE_1","core/BLOCK_013/index/stream_stripes/stream_00005.tif",14824,""
"BLOCK_013","stream",6,1281,1536,256,7200,"SOURCE_1","core/BLOCK_013/index/stream_stripes/stream_00006.tif",13974,""
"BLOCK_013","stream",7,1537,1792,256,7200,"SOURCE_1","core/BLOCK_013/index/stream_stripes/stream_00007.tif",13892,""
"BLOCK_013","stream",8,1793,2048,256,7200,"SOURCE_1","core/BLOCK_013/index/stream_stripes/stream_00008.tif",13366,""
"BLOCK_013","stream",9,2049,2304,256,7200,"SOURCE_1","core/BLOCK_013/index/stream_stripes/stream_00009.tif",12912,""
"BLOCK_013","stream",10,2305,2560,256,7200,"SOURCE_1","core/BLOCK_013/index/stream_stripes/stream_00010.tif",13370,""
"BLOCK_013","stream",11,2561,2816,256,7200,"SOURCE_1","core/BLOCK_013/index/stream_stripes/stream_00011.tif",14656,""
"BLOCK_013","stream",12,2817,3072,256,7200,"SOURCE_1","core/BLOCK_013/index/stream_stripes/stream_00012.tif",15062,""
"BLOCK_013","stream",13,3073,3328,256,7200,"SOURCE_1","core/BLOCK_013/index/stream_stripes/stream_00013.tif",15664,""
"BLOCK_013","stream",14,3329,3584,256,7200,"SOURCE_1","core/BLOCK_013/index/stream_stripes/stream_00014.tif",11610,""
"BLOCK_013","stream",15,3585,3840,256,7200,"SOURCE_1","core/BLOCK_013/index/stream_stripes/stream_00015.tif",12994,""
"BLOCK_013","stream",16,3841,4096,256,7200,"SOURCE_1","core/BLOCK_013/index/stream_stripes/stream_00016.tif",13488,""
"BLOCK_013","stream",17,4097,4352,256,7200,"SOURCE_1","core/BLOCK_013/index/stream_stripes/stream_00017.tif",13800,""
"BLOCK_013","stream",18,4353,4608,256,7200,"SOURCE_1","core/BLOCK_013/index/stream_stripes/stream_00018.tif",11582,""
"BLOCK_013","stream",19,4609,4864,256,7200,"SOURCE_1","core/BLOCK_013/index/stream_stripes/stream_00019.tif",8568,""
"BLOCK_013","stream",20,4865,5120,256,7200,"SOURCE_1","core/BLOCK_013/index/stream_stripes/stream_00020.tif",8466,""
"BLOCK_013","stream",21,5121,5376,256,7200,"SOURCE_1","core/BLOCK_013/index/stream_stripes/stream_00021.tif",7854,""
"BLOCK_013","stream",22,5377,5632,256,7200,"SOURCE_1","core/BLOCK_013/index/stream_stripes/stream_00022.tif",6750,""
"BLOCK_013","stream",23,5633,5888,256,7200,"SOURCE_1","core/BLOCK_013/index/stream_stripes/stream_00023.tif",6732,""
"BLOCK_013","stream",24,5889,6144,256,7200,"SOURCE_1","core/BLOCK_013/index/stream_stripes/stream_00024.tif",6246,""
"BLOCK_013","stream",25,6145,6400,256,7200,"SOURCE_1","core/BLOCK_013/index/stream_stripes/stream_00025.tif",5286,""
"BLOCK_013","stream",26,6401,6656,256,7200,"SOURCE_1","core/BLOCK_013/index/stream_stripes/stream_00026.tif",5662,""
"BLOCK_013","stream",27,6657,6912,256,7200,"SOURCE_1","core/BLOCK_013/index/stream_stripes/stream_00027.tif",5158,""
"BLOCK_013","stream",28,6913,7168,256,7200,"SOURCE_1","core/BLOCK_013/index/stream_stripes/stream_00028.tif",5554,""
"BLOCK_013","stream",29,7169,7200,32,7200,"SOURCE_1","core/BLOCK_013/index/stream_stripes/stream_00029.tif",4354,""
"BLOCK_014","hydrography",NA,NA,NA,NA,NA,"SOURCE_1","core/BLOCK_014/hydrography_block.gpkg",5156864,""
"BLOCK_014","index_metadata",NA,NA,NA,NA,NA,"SOURCE_1","core/BLOCK_014/index/index_metadata.rds",1352,""
"BLOCK_014","reverse",1,1,256,256,14400,"SOURCE_1","core/BLOCK_014/index/reverse_stripes/reverse_00001.tif",331776,""
"BLOCK_014","reverse",2,257,512,256,14400,"SOURCE_1","core/BLOCK_014/index/reverse_stripes/reverse_00002.tif",317282,""
"BLOCK_014","reverse",3,513,768,256,14400,"SOURCE_1","core/BLOCK_014/index/reverse_stripes/reverse_00003.tif",318764,""
"BLOCK_014","reverse",4,769,1024,256,14400,"SOURCE_1","core/BLOCK_014/index/reverse_stripes/reverse_00004.tif",310224,""
"BLOCK_014","reverse",5,1025,1280,256,14400,"SOURCE_1","core/BLOCK_014/index/reverse_stripes/reverse_00005.tif",305794,""
"BLOCK_014","reverse",6,1281,1536,256,14400,"SOURCE_1","core/BLOCK_014/index/reverse_stripes/reverse_00006.tif",310628,""
"BLOCK_014","reverse",7,1537,1792,256,14400,"SOURCE_1","core/BLOCK_014/index/reverse_stripes/reverse_00007.tif",315466,""
"BLOCK_014","reverse",8,1793,2048,256,14400,"SOURCE_1","core/BLOCK_014/index/reverse_stripes/reverse_00008.tif",321444,""
"BLOCK_014","reverse",9,2049,2304,256,14400,"SOURCE_1","core/BLOCK_014/index/reverse_stripes/reverse_00009.tif",327840,""
"BLOCK_014","reverse",10,2305,2560,256,14400,"SOURCE_1","core/BLOCK_014/index/reverse_stripes/reverse_00010.tif",322830,""
"BLOCK_014","reverse",11,2561,2816,256,14400,"SOURCE_1","core/BLOCK_014/index/reverse_stripes/reverse_00011.tif",318444,""
"BLOCK_014","reverse",12,2817,3072,256,14400,"SOURCE_1","core/BLOCK_014/index/reverse_stripes/reverse_00012.tif",314362,""
"BLOCK_014","reverse",13,3073,3328,256,14400,"SOURCE_1","core/BLOCK_014/index/reverse_stripes/reverse_00013.tif",311832,""
"BLOCK_014","reverse",14,3329,3584,256,14400,"SOURCE_1","core/BLOCK_014/index/reverse_stripes/reverse_00014.tif",317674,""
"BLOCK_014","reverse",15,3585,3840,256,14400,"SOURCE_1","core/BLOCK_014/index/reverse_stripes/reverse_00015.tif",379222,""
"BLOCK_014","reverse",16,3841,4096,256,14400,"SOURCE_1","core/BLOCK_014/index/reverse_stripes/reverse_00016.tif",351908,""
"BLOCK_014","reverse",17,4097,4352,256,14400,"SOURCE_1","core/BLOCK_014/index/reverse_stripes/reverse_00017.tif",329686,""
"BLOCK_014","reverse",18,4353,4608,256,14400,"SOURCE_1","core/BLOCK_014/index/reverse_stripes/reverse_00018.tif",312416,""
"BLOCK_014","reverse",19,4609,4864,256,14400,"SOURCE_1","core/BLOCK_014/index/reverse_stripes/reverse_00019.tif",298734,""
"BLOCK_014","reverse",20,4865,5120,256,14400,"SOURCE_1","core/BLOCK_014/index/reverse_stripes/reverse_00020.tif",285840,""
"BLOCK_014","reverse",21,5121,5376,256,14400,"SOURCE_1","core/BLOCK_014/index/reverse_stripes/reverse_00021.tif",293748,""
"BLOCK_014","reverse",22,5377,5632,256,14400,"SOURCE_1","core/BLOCK_014/index/reverse_stripes/reverse_00022.tif",270924,""
"BLOCK_014","reverse",23,5633,5888,256,14400,"SOURCE_1","core/BLOCK_014/index/reverse_stripes/reverse_00023.tif",251996,""
"BLOCK_014","reverse",24,5889,6144,256,14400,"SOURCE_1","core/BLOCK_014/index/reverse_stripes/reverse_00024.tif",243416,""
"BLOCK_014","reverse",25,6145,6400,256,14400,"SOURCE_1","core/BLOCK_014/index/reverse_stripes/reverse_00025.tif",247536,""
"BLOCK_014","reverse",26,6401,6656,256,14400,"SOURCE_1","core/BLOCK_014/index/reverse_stripes/reverse_00026.tif",235634,""
"BLOCK_014","reverse",27,6657,6912,256,14400,"SOURCE_1","core/BLOCK_014/index/reverse_stripes/reverse_00027.tif",222774,""
"BLOCK_014","reverse",28,6913,7168,256,14400,"SOURCE_1","core/BLOCK_014/index/reverse_stripes/reverse_00028.tif",215696,""
"BLOCK_014","reverse",29,7169,7424,256,14400,"SOURCE_1","core/BLOCK_014/index/reverse_stripes/reverse_00029.tif",296554,""
"BLOCK_014","reverse",30,7425,7680,256,14400,"SOURCE_1","core/BLOCK_014/index/reverse_stripes/reverse_00030.tif",304350,""
"BLOCK_014","reverse",31,7681,7936,256,14400,"SOURCE_1","core/BLOCK_014/index/reverse_stripes/reverse_00031.tif",302332,""
"BLOCK_014","reverse",32,7937,8192,256,14400,"SOURCE_1","core/BLOCK_014/index/reverse_stripes/reverse_00032.tif",301272,""
"BLOCK_014","reverse",33,8193,8448,256,14400,"SOURCE_1","core/BLOCK_014/index/reverse_stripes/reverse_00033.tif",293328,""
"BLOCK_014","reverse",34,8449,8704,256,14400,"SOURCE_1","core/BLOCK_014/index/reverse_stripes/reverse_00034.tif",288392,""
"BLOCK_014","reverse",35,8705,8960,256,14400,"SOURCE_1","core/BLOCK_014/index/reverse_stripes/reverse_00035.tif",292554,""
"BLOCK_014","reverse",36,8961,9216,256,14400,"SOURCE_1","core/BLOCK_014/index/reverse_stripes/reverse_00036.tif",303020,""
"BLOCK_014","reverse",37,9217,9472,256,14400,"SOURCE_1","core/BLOCK_014/index/reverse_stripes/reverse_00037.tif",299802,""
"BLOCK_014","reverse",38,9473,9728,256,14400,"SOURCE_1","core/BLOCK_014/index/reverse_stripes/reverse_00038.tif",294440,""
"BLOCK_014","reverse",39,9729,9984,256,14400,"SOURCE_1","core/BLOCK_014/index/reverse_stripes/reverse_00039.tif",294908,""
"BLOCK_014","reverse",40,9985,10240,256,14400,"SOURCE_1","core/BLOCK_014/index/reverse_stripes/reverse_00040.tif",292564,""
"BLOCK_014","reverse",41,10241,10496,256,14400,"SOURCE_1","core/BLOCK_014/index/reverse_stripes/reverse_00041.tif",295646,""
"BLOCK_014","reverse",42,10497,10752,256,14400,"SOURCE_1","core/BLOCK_014/index/reverse_stripes/reverse_00042.tif",296404,""
"BLOCK_014","reverse",43,10753,11008,256,14400,"SOURCE_1","core/BLOCK_014/index/reverse_stripes/reverse_00043.tif",552544,""
"BLOCK_014","reverse",44,11009,11264,256,14400,"SOURCE_1","core/BLOCK_014/index/reverse_stripes/reverse_00044.tif",609692,""
"BLOCK_014","reverse",45,11265,11520,256,14400,"SOURCE_1","core/BLOCK_014/index/reverse_stripes/reverse_00045.tif",598482,""
"BLOCK_014","reverse",46,11521,11776,256,14400,"SOURCE_1","core/BLOCK_014/index/reverse_stripes/reverse_00046.tif",598840,""
"BLOCK_014","reverse",47,11777,12032,256,14400,"SOURCE_1","core/BLOCK_014/index/reverse_stripes/reverse_00047.tif",603574,""
"BLOCK_014","reverse",48,12033,12288,256,14400,"SOURCE_1","core/BLOCK_014/index/reverse_stripes/reverse_00048.tif",605526,""
"BLOCK_014","reverse",49,12289,12544,256,14400,"SOURCE_1","core/BLOCK_014/index/reverse_stripes/reverse_00049.tif",611224,""
"BLOCK_014","reverse",50,12545,12800,256,14400,"SOURCE_1","core/BLOCK_014/index/reverse_stripes/reverse_00050.tif",603238,""
"BLOCK_014","reverse",51,12801,13056,256,14400,"SOURCE_1","core/BLOCK_014/index/reverse_stripes/reverse_00051.tif",597520,""
"BLOCK_014","reverse",52,13057,13312,256,14400,"SOURCE_1","core/BLOCK_014/index/reverse_stripes/reverse_00052.tif",572958,""
"BLOCK_014","reverse",53,13313,13568,256,14400,"SOURCE_1","core/BLOCK_014/index/reverse_stripes/reverse_00053.tif",552414,""
"BLOCK_014","reverse",54,13569,13824,256,14400,"SOURCE_1","core/BLOCK_014/index/reverse_stripes/reverse_00054.tif",527086,""
"BLOCK_014","reverse",55,13825,14080,256,14400,"SOURCE_1","core/BLOCK_014/index/reverse_stripes/reverse_00055.tif",510492,""
"BLOCK_014","reverse",56,14081,14336,256,14400,"SOURCE_1","core/BLOCK_014/index/reverse_stripes/reverse_00056.tif",521290,""
"BLOCK_014","reverse",57,14337,14592,256,14400,"SOURCE_1","core/BLOCK_014/index/reverse_stripes/reverse_00057.tif",471128,""
"BLOCK_014","reverse",58,14593,14848,256,14400,"SOURCE_1","core/BLOCK_014/index/reverse_stripes/reverse_00058.tif",478688,""
"BLOCK_014","reverse",59,14849,15104,256,14400,"SOURCE_1","core/BLOCK_014/index/reverse_stripes/reverse_00059.tif",503288,""
"BLOCK_014","reverse",60,15105,15360,256,14400,"SOURCE_1","core/BLOCK_014/index/reverse_stripes/reverse_00060.tif",516500,""
"BLOCK_014","reverse",61,15361,15616,256,14400,"SOURCE_1","core/BLOCK_014/index/reverse_stripes/reverse_00061.tif",502752,""
"BLOCK_014","reverse",62,15617,15872,256,14400,"SOURCE_1","core/BLOCK_014/index/reverse_stripes/reverse_00062.tif",476468,""
"BLOCK_014","reverse",63,15873,16128,256,14400,"SOURCE_1","core/BLOCK_014/index/reverse_stripes/reverse_00063.tif",441810,""
"BLOCK_014","reverse",64,16129,16384,256,14400,"SOURCE_1","core/BLOCK_014/index/reverse_stripes/reverse_00064.tif",417420,""
"BLOCK_014","reverse",65,16385,16640,256,14400,"SOURCE_1","core/BLOCK_014/index/reverse_stripes/reverse_00065.tif",394434,""
"BLOCK_014","reverse",66,16641,16896,256,14400,"SOURCE_1","core/BLOCK_014/index/reverse_stripes/reverse_00066.tif",364902,""
"BLOCK_014","reverse",67,16897,17152,256,14400,"SOURCE_1","core/BLOCK_014/index/reverse_stripes/reverse_00067.tif",352774,""
"BLOCK_014","reverse",68,17153,17408,256,14400,"SOURCE_1","core/BLOCK_014/index/reverse_stripes/reverse_00068.tif",356524,""
"BLOCK_014","reverse",69,17409,17664,256,14400,"SOURCE_1","core/BLOCK_014/index/reverse_stripes/reverse_00069.tif",356804,""
"BLOCK_014","reverse",70,17665,17920,256,14400,"SOURCE_1","core/BLOCK_014/index/reverse_stripes/reverse_00070.tif",356668,""
"BLOCK_014","reverse",71,17921,18000,80,14400,"SOURCE_1","core/BLOCK_014/index/reverse_stripes/reverse_00071.tif",121448,""
"BLOCK_014","run_info",NA,NA,NA,NA,NA,"SOURCE_1","core/BLOCK_014/run_info.csv",1109,""
"BLOCK_014","stream",1,1,256,256,14400,"SOURCE_1","core/BLOCK_014/index/stream_stripes/stream_00001.tif",11660,""
"BLOCK_014","stream",2,257,512,256,14400,"SOURCE_1","core/BLOCK_014/index/stream_stripes/stream_00002.tif",13704,""
"BLOCK_014","stream",3,513,768,256,14400,"SOURCE_1","core/BLOCK_014/index/stream_stripes/stream_00003.tif",13544,""
"BLOCK_014","stream",4,769,1024,256,14400,"SOURCE_1","core/BLOCK_014/index/stream_stripes/stream_00004.tif",14634,""
"BLOCK_014","stream",5,1025,1280,256,14400,"SOURCE_1","core/BLOCK_014/index/stream_stripes/stream_00005.tif",14074,""
"BLOCK_014","stream",6,1281,1536,256,14400,"SOURCE_1","core/BLOCK_014/index/stream_stripes/stream_00006.tif",11188,""
"BLOCK_014","stream",7,1537,1792,256,14400,"SOURCE_1","core/BLOCK_014/index/stream_stripes/stream_00007.tif",15152,""
"BLOCK_014","stream",8,1793,2048,256,14400,"SOURCE_1","core/BLOCK_014/index/stream_stripes/stream_00008.tif",15284,""
"BLOCK_014","stream",9,2049,2304,256,14400,"SOURCE_1","core/BLOCK_014/index/stream_stripes/stream_00009.tif",14384,""
"BLOCK_014","stream",10,2305,2560,256,14400,"SOURCE_1","core/BLOCK_014/index/stream_stripes/stream_00010.tif",14788,""
"BLOCK_014","stream",11,2561,2816,256,14400,"SOURCE_1","core/BLOCK_014/index/stream_stripes/stream_00011.tif",14382,""
"BLOCK_014","stream",12,2817,3072,256,14400,"SOURCE_1","core/BLOCK_014/index/stream_stripes/stream_00012.tif",13990,""
"BLOCK_014","stream",13,3073,3328,256,14400,"SOURCE_1","core/BLOCK_014/index/stream_stripes/stream_00013.tif",12654,""
"BLOCK_014","stream",14,3329,3584,256,14400,"SOURCE_1","core/BLOCK_014/index/stream_stripes/stream_00014.tif",14092,""
"BLOCK_014","stream",15,3585,3840,256,14400,"SOURCE_1","core/BLOCK_014/index/stream_stripes/stream_00015.tif",14936,""
"BLOCK_014","stream",16,3841,4096,256,14400,"SOURCE_1","core/BLOCK_014/index/stream_stripes/stream_00016.tif",14260,""
"BLOCK_014","stream",17,4097,4352,256,14400,"SOURCE_1","core/BLOCK_014/index/stream_stripes/stream_00017.tif",14858,""
"BLOCK_014","stream",18,4353,4608,256,14400,"SOURCE_1","core/BLOCK_014/index/stream_stripes/stream_00018.tif",14010,""
"BLOCK_014","stream",19,4609,4864,256,14400,"SOURCE_1","core/BLOCK_014/index/stream_stripes/stream_00019.tif",13630,""
"BLOCK_014","stream",20,4865,5120,256,14400,"SOURCE_1","core/BLOCK_014/index/stream_stripes/stream_00020.tif",13670,""
"BLOCK_014","stream",21,5121,5376,256,14400,"SOURCE_1","core/BLOCK_014/index/stream_stripes/stream_00021.tif",13956,""
"BLOCK_014","stream",22,5377,5632,256,14400,"SOURCE_1","core/BLOCK_014/index/stream_stripes/stream_00022.tif",12766,""
"BLOCK_014","stream",23,5633,5888,256,14400,"SOURCE_1","core/BLOCK_014/index/stream_stripes/stream_00023.tif",12730,""
"BLOCK_014","stream",24,5889,6144,256,14400,"SOURCE_1","core/BLOCK_014/index/stream_stripes/stream_00024.tif",13306,""
"BLOCK_014","stream",25,6145,6400,256,14400,"SOURCE_1","core/BLOCK_014/index/stream_stripes/stream_00025.tif",13216,""
"BLOCK_014","stream",26,6401,6656,256,14400,"SOURCE_1","core/BLOCK_014/index/stream_stripes/stream_00026.tif",11734,""
"BLOCK_014","stream",27,6657,6912,256,14400,"SOURCE_1","core/BLOCK_014/index/stream_stripes/stream_00027.tif",12668,""
"BLOCK_014","stream",28,6913,7168,256,14400,"SOURCE_1","core/BLOCK_014/index/stream_stripes/stream_00028.tif",12740,""
"BLOCK_014","stream",29,7169,7424,256,14400,"SOURCE_1","core/BLOCK_014/index/stream_stripes/stream_00029.tif",12630,""
"BLOCK_014","stream",30,7425,7680,256,14400,"SOURCE_1","core/BLOCK_014/index/stream_stripes/stream_00030.tif",13032,""
"BLOCK_014","stream",31,7681,7936,256,14400,"SOURCE_1","core/BLOCK_014/index/stream_stripes/stream_00031.tif",12378,""
"BLOCK_014","stream",32,7937,8192,256,14400,"SOURCE_1","core/BLOCK_014/index/stream_stripes/stream_00032.tif",12706,""
"BLOCK_014","stream",33,8193,8448,256,14400,"SOURCE_1","core/BLOCK_014/index/stream_stripes/stream_00033.tif",14348,""
"BLOCK_014","stream",34,8449,8704,256,14400,"SOURCE_1","core/BLOCK_014/index/stream_stripes/stream_00034.tif",13222,""
"BLOCK_014","stream",35,8705,8960,256,14400,"SOURCE_1","core/BLOCK_014/index/stream_stripes/stream_00035.tif",13340,""
"BLOCK_014","stream",36,8961,9216,256,14400,"SOURCE_1","core/BLOCK_014/index/stream_stripes/stream_00036.tif",14354,""
"BLOCK_014","stream",37,9217,9472,256,14400,"SOURCE_1","core/BLOCK_014/index/stream_stripes/stream_00037.tif",12974,""
"BLOCK_014","stream",38,9473,9728,256,14400,"SOURCE_1","core/BLOCK_014/index/stream_stripes/stream_00038.tif",12688,""
"BLOCK_014","stream",39,9729,9984,256,14400,"SOURCE_1","core/BLOCK_014/index/stream_stripes/stream_00039.tif",14420,""
"BLOCK_014","stream",40,9985,10240,256,14400,"SOURCE_1","core/BLOCK_014/index/stream_stripes/stream_00040.tif",13326,""
"BLOCK_014","stream",41,10241,10496,256,14400,"SOURCE_1","core/BLOCK_014/index/stream_stripes/stream_00041.tif",12584,""
"BLOCK_014","stream",42,10497,10752,256,14400,"SOURCE_1","core/BLOCK_014/index/stream_stripes/stream_00042.tif",13328,""
"BLOCK_014","stream",43,10753,11008,256,14400,"SOURCE_1","core/BLOCK_014/index/stream_stripes/stream_00043.tif",19192,""
"BLOCK_014","stream",44,11009,11264,256,14400,"SOURCE_1","core/BLOCK_014/index/stream_stripes/stream_00044.tif",20608,""
"BLOCK_014","stream",45,11265,11520,256,14400,"SOURCE_1","core/BLOCK_014/index/stream_stripes/stream_00045.tif",22178,""
"BLOCK_014","stream",46,11521,11776,256,14400,"SOURCE_1","core/BLOCK_014/index/stream_stripes/stream_00046.tif",21486,""
"BLOCK_014","stream",47,11777,12032,256,14400,"SOURCE_1","core/BLOCK_014/index/stream_stripes/stream_00047.tif",20634,""
"BLOCK_014","stream",48,12033,12288,256,14400,"SOURCE_1","core/BLOCK_014/index/stream_stripes/stream_00048.tif",20284,""
"BLOCK_014","stream",49,12289,12544,256,14400,"SOURCE_1","core/BLOCK_014/index/stream_stripes/stream_00049.tif",20042,""
"BLOCK_014","stream",50,12545,12800,256,14400,"SOURCE_1","core/BLOCK_014/index/stream_stripes/stream_00050.tif",20806,""
"BLOCK_014","stream",51,12801,13056,256,14400,"SOURCE_1","core/BLOCK_014/index/stream_stripes/stream_00051.tif",20948,""
"BLOCK_014","stream",52,13057,13312,256,14400,"SOURCE_1","core/BLOCK_014/index/stream_stripes/stream_00052.tif",19770,""
"BLOCK_014","stream",53,13313,13568,256,14400,"SOURCE_1","core/BLOCK_014/index/stream_stripes/stream_00053.tif",17552,""
"BLOCK_014","stream",54,13569,13824,256,14400,"SOURCE_1","core/BLOCK_014/index/stream_stripes/stream_00054.tif",19056,""
"BLOCK_014","stream",55,13825,14080,256,14400,"SOURCE_1","core/BLOCK_014/index/stream_stripes/stream_00055.tif",21880,""
"BLOCK_014","stream",56,14081,14336,256,14400,"SOURCE_1","core/BLOCK_014/index/stream_stripes/stream_00056.tif",20716,""
"BLOCK_014","stream",57,14337,14592,256,14400,"SOURCE_1","core/BLOCK_014/index/stream_stripes/stream_00057.tif",16666,""
"BLOCK_014","stream",58,14593,14848,256,14400,"SOURCE_1","core/BLOCK_014/index/stream_stripes/stream_00058.tif",18636,""
"BLOCK_014","stream",59,14849,15104,256,14400,"SOURCE_1","core/BLOCK_014/index/stream_stripes/stream_00059.tif",19118,""
"BLOCK_014","stream",60,15105,15360,256,14400,"SOURCE_1","core/BLOCK_014/index/stream_stripes/stream_00060.tif",18420,""
"BLOCK_014","stream",61,15361,15616,256,14400,"SOURCE_1","core/BLOCK_014/index/stream_stripes/stream_00061.tif",17786,""
"BLOCK_014","stream",62,15617,15872,256,14400,"SOURCE_1","core/BLOCK_014/index/stream_stripes/stream_00062.tif",18792,""
"BLOCK_014","stream",63,15873,16128,256,14400,"SOURCE_1","core/BLOCK_014/index/stream_stripes/stream_00063.tif",16882,""
"BLOCK_014","stream",64,16129,16384,256,14400,"SOURCE_1","core/BLOCK_014/index/stream_stripes/stream_00064.tif",16272,""
"BLOCK_014","stream",65,16385,16640,256,14400,"SOURCE_1","core/BLOCK_014/index/stream_stripes/stream_00065.tif",16764,""
"BLOCK_014","stream",66,16641,16896,256,14400,"SOURCE_1","core/BLOCK_014/index/stream_stripes/stream_00066.tif",17202,""
"BLOCK_014","stream",67,16897,17152,256,14400,"SOURCE_1","core/BLOCK_014/index/stream_stripes/stream_00067.tif",15758,""
"BLOCK_014","stream",68,17153,17408,256,14400,"SOURCE_1","core/BLOCK_014/index/stream_stripes/stream_00068.tif",16152,""
"BLOCK_014","stream",69,17409,17664,256,14400,"SOURCE_1","core/BLOCK_014/index/stream_stripes/stream_00069.tif",16834,""
"BLOCK_014","stream",70,17665,17920,256,14400,"SOURCE_1","core/BLOCK_014/index/stream_stripes/stream_00070.tif",16302,""
"BLOCK_014","stream",71,17921,18000,80,14400,"SOURCE_1","core/BLOCK_014/index/stream_stripes/stream_00071.tif",9756,""
"BLOCK_015","hydrography",NA,NA,NA,NA,NA,"SOURCE_1","core/BLOCK_015/hydrography_block.gpkg",5611520,""
"BLOCK_015","index_metadata",NA,NA,NA,NA,NA,"SOURCE_1","core/BLOCK_015/index/index_metadata.rds",1343,""
"BLOCK_015","reverse",1,1,256,256,10800,"SOURCE_1","core/BLOCK_015/index/reverse_stripes/reverse_00001.tif",604330,""
"BLOCK_015","reverse",2,257,512,256,10800,"SOURCE_1","core/BLOCK_015/index/reverse_stripes/reverse_00002.tif",606804,""
"BLOCK_015","reverse",3,513,768,256,10800,"SOURCE_1","core/BLOCK_015/index/reverse_stripes/reverse_00003.tif",592918,""
"BLOCK_015","reverse",4,769,1024,256,10800,"SOURCE_1","core/BLOCK_015/index/reverse_stripes/reverse_00004.tif",596272,""
"BLOCK_015","reverse",5,1025,1280,256,10800,"SOURCE_1","core/BLOCK_015/index/reverse_stripes/reverse_00005.tif",581190,""
"BLOCK_015","reverse",6,1281,1536,256,10800,"SOURCE_1","core/BLOCK_015/index/reverse_stripes/reverse_00006.tif",572516,""
"BLOCK_015","reverse",7,1537,1792,256,10800,"SOURCE_1","core/BLOCK_015/index/reverse_stripes/reverse_00007.tif",614386,""
"BLOCK_015","reverse",8,1793,2048,256,10800,"SOURCE_1","core/BLOCK_015/index/reverse_stripes/reverse_00008.tif",610378,""
"BLOCK_015","reverse",9,2049,2304,256,10800,"SOURCE_1","core/BLOCK_015/index/reverse_stripes/reverse_00009.tif",599330,""
"BLOCK_015","reverse",10,2305,2560,256,10800,"SOURCE_1","core/BLOCK_015/index/reverse_stripes/reverse_00010.tif",593586,""
"BLOCK_015","reverse",11,2561,2816,256,10800,"SOURCE_1","core/BLOCK_015/index/reverse_stripes/reverse_00011.tif",584712,""
"BLOCK_015","reverse",12,2817,3072,256,10800,"SOURCE_1","core/BLOCK_015/index/reverse_stripes/reverse_00012.tif",605054,""
"BLOCK_015","reverse",13,3073,3328,256,10800,"SOURCE_1","core/BLOCK_015/index/reverse_stripes/reverse_00013.tif",606218,""
"BLOCK_015","reverse",14,3329,3584,256,10800,"SOURCE_1","core/BLOCK_015/index/reverse_stripes/reverse_00014.tif",620940,""
"BLOCK_015","reverse",15,3585,3840,256,10800,"SOURCE_1","core/BLOCK_015/index/reverse_stripes/reverse_00015.tif",878684,""
"BLOCK_015","reverse",16,3841,4096,256,10800,"SOURCE_1","core/BLOCK_015/index/reverse_stripes/reverse_00016.tif",845936,""
"BLOCK_015","reverse",17,4097,4352,256,10800,"SOURCE_1","core/BLOCK_015/index/reverse_stripes/reverse_00017.tif",838910,""
"BLOCK_015","reverse",18,4353,4608,256,10800,"SOURCE_1","core/BLOCK_015/index/reverse_stripes/reverse_00018.tif",793444,""
"BLOCK_015","reverse",19,4609,4864,256,10800,"SOURCE_1","core/BLOCK_015/index/reverse_stripes/reverse_00019.tif",764880,""
"BLOCK_015","reverse",20,4865,5120,256,10800,"SOURCE_1","core/BLOCK_015/index/reverse_stripes/reverse_00020.tif",760262,""
"BLOCK_015","reverse",21,5121,5376,256,10800,"SOURCE_1","core/BLOCK_015/index/reverse_stripes/reverse_00021.tif",780016,""
"BLOCK_015","reverse",22,5377,5632,256,10800,"SOURCE_1","core/BLOCK_015/index/reverse_stripes/reverse_00022.tif",793438,""
"BLOCK_015","reverse",23,5633,5888,256,10800,"SOURCE_1","core/BLOCK_015/index/reverse_stripes/reverse_00023.tif",752602,""
"BLOCK_015","reverse",24,5889,6144,256,10800,"SOURCE_1","core/BLOCK_015/index/reverse_stripes/reverse_00024.tif",751418,""
"BLOCK_015","reverse",25,6145,6400,256,10800,"SOURCE_1","core/BLOCK_015/index/reverse_stripes/reverse_00025.tif",697200,""
"BLOCK_015","reverse",26,6401,6656,256,10800,"SOURCE_1","core/BLOCK_015/index/reverse_stripes/reverse_00026.tif",635406,""
"BLOCK_015","reverse",27,6657,6912,256,10800,"SOURCE_1","core/BLOCK_015/index/reverse_stripes/reverse_00027.tif",599622,""
"BLOCK_015","reverse",28,6913,7168,256,10800,"SOURCE_1","core/BLOCK_015/index/reverse_stripes/reverse_00028.tif",564716,""
"BLOCK_015","reverse",29,7169,7424,256,10800,"SOURCE_1","core/BLOCK_015/index/reverse_stripes/reverse_00029.tif",529916,""
"BLOCK_015","reverse",30,7425,7680,256,10800,"SOURCE_1","core/BLOCK_015/index/reverse_stripes/reverse_00030.tif",507484,""
"BLOCK_015","reverse",31,7681,7936,256,10800,"SOURCE_1","core/BLOCK_015/index/reverse_stripes/reverse_00031.tif",487612,""
"BLOCK_015","reverse",32,7937,8192,256,10800,"SOURCE_1","core/BLOCK_015/index/reverse_stripes/reverse_00032.tif",427286,""
"BLOCK_015","reverse",33,8193,8448,256,10800,"SOURCE_1","core/BLOCK_015/index/reverse_stripes/reverse_00033.tif",407706,""
"BLOCK_015","reverse",34,8449,8704,256,10800,"SOURCE_1","core/BLOCK_015/index/reverse_stripes/reverse_00034.tif",410866,""
"BLOCK_015","reverse",35,8705,8960,256,10800,"SOURCE_1","core/BLOCK_015/index/reverse_stripes/reverse_00035.tif",400154,""
"BLOCK_015","reverse",36,8961,9216,256,10800,"SOURCE_1","core/BLOCK_015/index/reverse_stripes/reverse_00036.tif",403210,""
"BLOCK_015","reverse",37,9217,9472,256,10800,"SOURCE_1","core/BLOCK_015/index/reverse_stripes/reverse_00037.tif",403894,""
"BLOCK_015","reverse",38,9473,9728,256,10800,"SOURCE_1","core/BLOCK_015/index/reverse_stripes/reverse_00038.tif",403790,""
"BLOCK_015","reverse",39,9729,9984,256,10800,"SOURCE_1","core/BLOCK_015/index/reverse_stripes/reverse_00039.tif",391922,""
"BLOCK_015","reverse",40,9985,10240,256,10800,"SOURCE_1","core/BLOCK_015/index/reverse_stripes/reverse_00040.tif",377892,""
"BLOCK_015","reverse",41,10241,10496,256,10800,"SOURCE_1","core/BLOCK_015/index/reverse_stripes/reverse_00041.tif",367760,""
"BLOCK_015","reverse",42,10497,10752,256,10800,"SOURCE_1","core/BLOCK_015/index/reverse_stripes/reverse_00042.tif",384784,""
"BLOCK_015","reverse",43,10753,10800,48,10800,"SOURCE_1","core/BLOCK_015/index/reverse_stripes/reverse_00043.tif",78812,""
"BLOCK_015","run_info",NA,NA,NA,NA,NA,"SOURCE_1","core/BLOCK_015/run_info.csv",1084,""
"BLOCK_015","stream",1,1,256,256,10800,"SOURCE_1","core/BLOCK_015/index/stream_stripes/stream_00001.tif",15570,""
"BLOCK_015","stream",2,257,512,256,10800,"SOURCE_1","core/BLOCK_015/index/stream_stripes/stream_00002.tif",21032,""
"BLOCK_015","stream",3,513,768,256,10800,"SOURCE_1","core/BLOCK_015/index/stream_stripes/stream_00003.tif",19860,""
"BLOCK_015","stream",4,769,1024,256,10800,"SOURCE_1","core/BLOCK_015/index/stream_stripes/stream_00004.tif",18440,""
"BLOCK_015","stream",5,1025,1280,256,10800,"SOURCE_1","core/BLOCK_015/index/stream_stripes/stream_00005.tif",19258,""
"BLOCK_015","stream",6,1281,1536,256,10800,"SOURCE_1","core/BLOCK_015/index/stream_stripes/stream_00006.tif",22724,""
"BLOCK_015","stream",7,1537,1792,256,10800,"SOURCE_1","core/BLOCK_015/index/stream_stripes/stream_00007.tif",20542,""
"BLOCK_015","stream",8,1793,2048,256,10800,"SOURCE_1","core/BLOCK_015/index/stream_stripes/stream_00008.tif",20836,""
"BLOCK_015","stream",9,2049,2304,256,10800,"SOURCE_1","core/BLOCK_015/index/stream_stripes/stream_00009.tif",18106,""
"BLOCK_015","stream",10,2305,2560,256,10800,"SOURCE_1","core/BLOCK_015/index/stream_stripes/stream_00010.tif",21998,""
"BLOCK_015","stream",11,2561,2816,256,10800,"SOURCE_1","core/BLOCK_015/index/stream_stripes/stream_00011.tif",22684,""
"BLOCK_015","stream",12,2817,3072,256,10800,"SOURCE_1","core/BLOCK_015/index/stream_stripes/stream_00012.tif",20234,""
"BLOCK_015","stream",13,3073,3328,256,10800,"SOURCE_1","core/BLOCK_015/index/stream_stripes/stream_00013.tif",20172,""
"BLOCK_015","stream",14,3329,3584,256,10800,"SOURCE_1","core/BLOCK_015/index/stream_stripes/stream_00014.tif",21842,""
"BLOCK_015","stream",15,3585,3840,256,10800,"SOURCE_1","core/BLOCK_015/index/stream_stripes/stream_00015.tif",27118,""
"BLOCK_015","stream",16,3841,4096,256,10800,"SOURCE_1","core/BLOCK_015/index/stream_stripes/stream_00016.tif",24850,""
"BLOCK_015","stream",17,4097,4352,256,10800,"SOURCE_1","core/BLOCK_015/index/stream_stripes/stream_00017.tif",25536,""
"BLOCK_015","stream",18,4353,4608,256,10800,"SOURCE_1","core/BLOCK_015/index/stream_stripes/stream_00018.tif",26350,""
"BLOCK_015","stream",19,4609,4864,256,10800,"SOURCE_1","core/BLOCK_015/index/stream_stripes/stream_00019.tif",25564,""
"BLOCK_015","stream",20,4865,5120,256,10800,"SOURCE_1","core/BLOCK_015/index/stream_stripes/stream_00020.tif",24972,""
"BLOCK_015","stream",21,5121,5376,256,10800,"SOURCE_1","core/BLOCK_015/index/stream_stripes/stream_00021.tif",25312,""
"BLOCK_015","stream",22,5377,5632,256,10800,"SOURCE_1","core/BLOCK_015/index/stream_stripes/stream_00022.tif",25804,""
"BLOCK_015","stream",23,5633,5888,256,10800,"SOURCE_1","core/BLOCK_015/index/stream_stripes/stream_00023.tif",24050,""
"BLOCK_015","stream",24,5889,6144,256,10800,"SOURCE_1","core/BLOCK_015/index/stream_stripes/stream_00024.tif",25262,""
"BLOCK_015","stream",25,6145,6400,256,10800,"SOURCE_1","core/BLOCK_015/index/stream_stripes/stream_00025.tif",22558,""
"BLOCK_015","stream",26,6401,6656,256,10800,"SOURCE_1","core/BLOCK_015/index/stream_stripes/stream_00026.tif",24574,""
"BLOCK_015","stream",27,6657,6912,256,10800,"SOURCE_1","core/BLOCK_015/index/stream_stripes/stream_00027.tif",26422,""
"BLOCK_015","stream",28,6913,7168,256,10800,"SOURCE_1","core/BLOCK_015/index/stream_stripes/stream_00028.tif",25210,""
"BLOCK_015","stream",29,7169,7424,256,10800,"SOURCE_1","core/BLOCK_015/index/stream_stripes/stream_00029.tif",22658,""
"BLOCK_015","stream",30,7425,7680,256,10800,"SOURCE_1","core/BLOCK_015/index/stream_stripes/stream_00030.tif",17400,""
"BLOCK_015","stream",31,7681,7936,256,10800,"SOURCE_1","core/BLOCK_015/index/stream_stripes/stream_00031.tif",21924,""
"BLOCK_015","stream",32,7937,8192,256,10800,"SOURCE_1","core/BLOCK_015/index/stream_stripes/stream_00032.tif",18392,""
"BLOCK_015","stream",33,8193,8448,256,10800,"SOURCE_1","core/BLOCK_015/index/stream_stripes/stream_00033.tif",18046,""
"BLOCK_015","stream",34,8449,8704,256,10800,"SOURCE_1","core/BLOCK_015/index/stream_stripes/stream_00034.tif",17186,""
"BLOCK_015","stream",35,8705,8960,256,10800,"SOURCE_1","core/BLOCK_015/index/stream_stripes/stream_00035.tif",16512,""
"BLOCK_015","stream",36,8961,9216,256,10800,"SOURCE_1","core/BLOCK_015/index/stream_stripes/stream_00036.tif",17068,""
"BLOCK_015","stream",37,9217,9472,256,10800,"SOURCE_1","core/BLOCK_015/index/stream_stripes/stream_00037.tif",15822,""
"BLOCK_015","stream",38,9473,9728,256,10800,"SOURCE_1","core/BLOCK_015/index/stream_stripes/stream_00038.tif",17056,""
"BLOCK_015","stream",39,9729,9984,256,10800,"SOURCE_1","core/BLOCK_015/index/stream_stripes/stream_00039.tif",15280,""
"BLOCK_015","stream",40,9985,10240,256,10800,"SOURCE_1","core/BLOCK_015/index/stream_stripes/stream_00040.tif",17396,""
"BLOCK_015","stream",41,10241,10496,256,10800,"SOURCE_1","core/BLOCK_015/index/stream_stripes/stream_00041.tif",16786,""
"BLOCK_015","stream",42,10497,10752,256,10800,"SOURCE_1","core/BLOCK_015/index/stream_stripes/stream_00042.tif",15168,""
"BLOCK_015","stream",43,10753,10800,48,10800,"SOURCE_1","core/BLOCK_015/index/stream_stripes/stream_00043.tif",6012,""
"BLOCK_016","hydrography",NA,NA,NA,NA,NA,"SOURCE_1","core/BLOCK_016/hydrography_block.gpkg",2207744,""
"BLOCK_016","index_metadata",NA,NA,NA,NA,NA,"SOURCE_1","core/BLOCK_016/index/index_metadata.rds",1341,""
"BLOCK_016","reverse",1,1,256,256,7200,"SOURCE_1","core/BLOCK_016/index/reverse_stripes/reverse_00001.tif",634840,""
"BLOCK_016","reverse",2,257,512,256,7200,"SOURCE_1","core/BLOCK_016/index/reverse_stripes/reverse_00002.tif",641004,""
"BLOCK_016","reverse",3,513,768,256,7200,"SOURCE_1","core/BLOCK_016/index/reverse_stripes/reverse_00003.tif",628792,""
"BLOCK_016","reverse",4,769,1024,256,7200,"SOURCE_1","core/BLOCK_016/index/reverse_stripes/reverse_00004.tif",618426,""
"BLOCK_016","reverse",5,1025,1280,256,7200,"SOURCE_1","core/BLOCK_016/index/reverse_stripes/reverse_00005.tif",605688,""
"BLOCK_016","reverse",6,1281,1536,256,7200,"SOURCE_1","core/BLOCK_016/index/reverse_stripes/reverse_00006.tif",607084,""
"BLOCK_016","reverse",7,1537,1792,256,7200,"SOURCE_1","core/BLOCK_016/index/reverse_stripes/reverse_00007.tif",646894,""
"BLOCK_016","reverse",8,1793,2048,256,7200,"SOURCE_1","core/BLOCK_016/index/reverse_stripes/reverse_00008.tif",627158,""
"BLOCK_016","reverse",9,2049,2304,256,7200,"SOURCE_1","core/BLOCK_016/index/reverse_stripes/reverse_00009.tif",565230,""
"BLOCK_016","reverse",10,2305,2560,256,7200,"SOURCE_1","core/BLOCK_016/index/reverse_stripes/reverse_00010.tif",498864,""
"BLOCK_016","reverse",11,2561,2816,256,7200,"SOURCE_1","core/BLOCK_016/index/reverse_stripes/reverse_00011.tif",442092,""
"BLOCK_016","reverse",12,2817,3072,256,7200,"SOURCE_1","core/BLOCK_016/index/reverse_stripes/reverse_00012.tif",430696,""
"BLOCK_016","reverse",13,3073,3328,256,7200,"SOURCE_1","core/BLOCK_016/index/reverse_stripes/reverse_00013.tif",432188,""
"BLOCK_016","reverse",14,3329,3584,256,7200,"SOURCE_1","core/BLOCK_016/index/reverse_stripes/reverse_00014.tif",399278,""
"BLOCK_016","reverse",15,3585,3840,256,7200,"SOURCE_1","core/BLOCK_016/index/reverse_stripes/reverse_00015.tif",365166,""
"BLOCK_016","reverse",16,3841,4096,256,7200,"SOURCE_1","core/BLOCK_016/index/reverse_stripes/reverse_00016.tif",325180,""
"BLOCK_016","reverse",17,4097,4352,256,7200,"SOURCE_1","core/BLOCK_016/index/reverse_stripes/reverse_00017.tif",284388,""
"BLOCK_016","reverse",18,4353,4608,256,7200,"SOURCE_1","core/BLOCK_016/index/reverse_stripes/reverse_00018.tif",205790,""
"BLOCK_016","reverse",19,4609,4864,256,7200,"SOURCE_1","core/BLOCK_016/index/reverse_stripes/reverse_00019.tif",162958,""
"BLOCK_016","reverse",20,4865,5120,256,7200,"SOURCE_1","core/BLOCK_016/index/reverse_stripes/reverse_00020.tif",138712,""
"BLOCK_016","reverse",21,5121,5376,256,7200,"SOURCE_1","core/BLOCK_016/index/reverse_stripes/reverse_00021.tif",138380,""
"BLOCK_016","reverse",22,5377,5632,256,7200,"SOURCE_1","core/BLOCK_016/index/reverse_stripes/reverse_00022.tif",130214,""
"BLOCK_016","reverse",23,5633,5888,256,7200,"SOURCE_1","core/BLOCK_016/index/reverse_stripes/reverse_00023.tif",119494,""
"BLOCK_016","reverse",24,5889,6144,256,7200,"SOURCE_1","core/BLOCK_016/index/reverse_stripes/reverse_00024.tif",122560,""
"BLOCK_016","reverse",25,6145,6400,256,7200,"SOURCE_1","core/BLOCK_016/index/reverse_stripes/reverse_00025.tif",77746,""
"BLOCK_016","reverse",26,6401,6656,256,7200,"SOURCE_1","core/BLOCK_016/index/reverse_stripes/reverse_00026.tif",54974,""
"BLOCK_016","reverse",27,6657,6912,256,7200,"SOURCE_1","core/BLOCK_016/index/reverse_stripes/reverse_00027.tif",20446,""
"BLOCK_016","reverse",28,6913,7168,256,7200,"SOURCE_1","core/BLOCK_016/index/reverse_stripes/reverse_00028.tif",6045,""
"BLOCK_016","reverse",29,7169,7200,32,7200,"SOURCE_1","core/BLOCK_016/index/reverse_stripes/reverse_00029.tif",4499,""
"BLOCK_016","run_info",NA,NA,NA,NA,NA,"SOURCE_1","core/BLOCK_016/run_info.csv",1000,""
"BLOCK_016","stream",1,1,256,256,7200,"SOURCE_1","core/BLOCK_016/index/stream_stripes/stream_00001.tif",13698,""
"BLOCK_016","stream",2,257,512,256,7200,"SOURCE_1","core/BLOCK_016/index/stream_stripes/stream_00002.tif",21130,""
"BLOCK_016","stream",3,513,768,256,7200,"SOURCE_1","core/BLOCK_016/index/stream_stripes/stream_00003.tif",20622,""
"BLOCK_016","stream",4,769,1024,256,7200,"SOURCE_1","core/BLOCK_016/index/stream_stripes/stream_00004.tif",20880,""
"BLOCK_016","stream",5,1025,1280,256,7200,"SOURCE_1","core/BLOCK_016/index/stream_stripes/stream_00005.tif",22842,""
"BLOCK_016","stream",6,1281,1536,256,7200,"SOURCE_1","core/BLOCK_016/index/stream_stripes/stream_00006.tif",23944,""
"BLOCK_016","stream",7,1537,1792,256,7200,"SOURCE_1","core/BLOCK_016/index/stream_stripes/stream_00007.tif",24082,""
"BLOCK_016","stream",8,1793,2048,256,7200,"SOURCE_1","core/BLOCK_016/index/stream_stripes/stream_00008.tif",21458,""
"BLOCK_016","stream",9,2049,2304,256,7200,"SOURCE_1","core/BLOCK_016/index/stream_stripes/stream_00009.tif",19908,""
"BLOCK_016","stream",10,2305,2560,256,7200,"SOURCE_1","core/BLOCK_016/index/stream_stripes/stream_00010.tif",19970,""
"BLOCK_016","stream",11,2561,2816,256,7200,"SOURCE_1","core/BLOCK_016/index/stream_stripes/stream_00011.tif",15066,""
"BLOCK_016","stream",12,2817,3072,256,7200,"SOURCE_1","core/BLOCK_016/index/stream_stripes/stream_00012.tif",14590,""
"BLOCK_016","stream",13,3073,3328,256,7200,"SOURCE_1","core/BLOCK_016/index/stream_stripes/stream_00013.tif",15372,""
"BLOCK_016","stream",14,3329,3584,256,7200,"SOURCE_1","core/BLOCK_016/index/stream_stripes/stream_00014.tif",14130,""
"BLOCK_016","stream",15,3585,3840,256,7200,"SOURCE_1","core/BLOCK_016/index/stream_stripes/stream_00015.tif",12014,""
"BLOCK_016","stream",16,3841,4096,256,7200,"SOURCE_1","core/BLOCK_016/index/stream_stripes/stream_00016.tif",11878,""
"BLOCK_016","stream",17,4097,4352,256,7200,"SOURCE_1","core/BLOCK_016/index/stream_stripes/stream_00017.tif",11486,""
"BLOCK_016","stream",18,4353,4608,256,7200,"SOURCE_1","core/BLOCK_016/index/stream_stripes/stream_00018.tif",10866,""
"BLOCK_016","stream",19,4609,4864,256,7200,"SOURCE_1","core/BLOCK_016/index/stream_stripes/stream_00019.tif",10176,""
"BLOCK_016","stream",20,4865,5120,256,7200,"SOURCE_1","core/BLOCK_016/index/stream_stripes/stream_00020.tif",9312,""
"BLOCK_016","stream",21,5121,5376,256,7200,"SOURCE_1","core/BLOCK_016/index/stream_stripes/stream_00021.tif",9700,""
"BLOCK_016","stream",22,5377,5632,256,7200,"SOURCE_1","core/BLOCK_016/index/stream_stripes/stream_00022.tif",9814,""
"BLOCK_016","stream",23,5633,5888,256,7200,"SOURCE_1","core/BLOCK_016/index/stream_stripes/stream_00023.tif",10542,""
"BLOCK_016","stream",24,5889,6144,256,7200,"SOURCE_1","core/BLOCK_016/index/stream_stripes/stream_00024.tif",9540,""
"BLOCK_016","stream",25,6145,6400,256,7200,"SOURCE_1","core/BLOCK_016/index/stream_stripes/stream_00025.tif",9390,""
"BLOCK_016","stream",26,6401,6656,256,7200,"SOURCE_1","core/BLOCK_016/index/stream_stripes/stream_00026.tif",9312,""
"BLOCK_016","stream",27,6657,6912,256,7200,"SOURCE_1","core/BLOCK_016/index/stream_stripes/stream_00027.tif",8450,""
"BLOCK_016","stream",28,6913,7168,256,7200,"SOURCE_1","core/BLOCK_016/index/stream_stripes/stream_00028.tif",7872,""
"BLOCK_016","stream",29,7169,7200,32,7200,"SOURCE_1","core/BLOCK_016/index/stream_stripes/stream_00029.tif",4742,""
"BLOCK_017","hydrography",NA,NA,NA,NA,NA,"SOURCE_1","core/BLOCK_017/hydrography_block.gpkg",1961984,""
"BLOCK_017","index_metadata",NA,NA,NA,NA,NA,"SOURCE_1","core/BLOCK_017/index/index_metadata.rds",1338,""
"BLOCK_017","reverse",1,1,256,256,7200,"SOURCE_1","core/BLOCK_017/index/reverse_stripes/reverse_00001.tif",629700,""
"BLOCK_017","reverse",2,257,512,256,7200,"SOURCE_1","core/BLOCK_017/index/reverse_stripes/reverse_00002.tif",643944,""
"BLOCK_017","reverse",3,513,768,256,7200,"SOURCE_1","core/BLOCK_017/index/reverse_stripes/reverse_00003.tif",616162,""
"BLOCK_017","reverse",4,769,1024,256,7200,"SOURCE_1","core/BLOCK_017/index/reverse_stripes/reverse_00004.tif",595658,""
"BLOCK_017","reverse",5,1025,1280,256,7200,"SOURCE_1","core/BLOCK_017/index/reverse_stripes/reverse_00005.tif",571938,""
"BLOCK_017","reverse",6,1281,1536,256,7200,"SOURCE_1","core/BLOCK_017/index/reverse_stripes/reverse_00006.tif",590870,""
"BLOCK_017","reverse",7,1537,1792,256,7200,"SOURCE_1","core/BLOCK_017/index/reverse_stripes/reverse_00007.tif",591990,""
"BLOCK_017","reverse",8,1793,2048,256,7200,"SOURCE_1","core/BLOCK_017/index/reverse_stripes/reverse_00008.tif",578236,""
"BLOCK_017","reverse",9,2049,2304,256,7200,"SOURCE_1","core/BLOCK_017/index/reverse_stripes/reverse_00009.tif",528902,""
"BLOCK_017","reverse",10,2305,2560,256,7200,"SOURCE_1","core/BLOCK_017/index/reverse_stripes/reverse_00010.tif",502898,""
"BLOCK_017","reverse",11,2561,2816,256,7200,"SOURCE_1","core/BLOCK_017/index/reverse_stripes/reverse_00011.tif",469946,""
"BLOCK_017","reverse",12,2817,3072,256,7200,"SOURCE_1","core/BLOCK_017/index/reverse_stripes/reverse_00012.tif",463782,""
"BLOCK_017","reverse",13,3073,3328,256,7200,"SOURCE_1","core/BLOCK_017/index/reverse_stripes/reverse_00013.tif",418366,""
"BLOCK_017","reverse",14,3329,3584,256,7200,"SOURCE_1","core/BLOCK_017/index/reverse_stripes/reverse_00014.tif",366914,""
"BLOCK_017","reverse",15,3585,3840,256,7200,"SOURCE_1","core/BLOCK_017/index/reverse_stripes/reverse_00015.tif",347424,""
"BLOCK_017","reverse",16,3841,4096,256,7200,"SOURCE_1","core/BLOCK_017/index/reverse_stripes/reverse_00016.tif",303444,""
"BLOCK_017","reverse",17,4097,4352,256,7200,"SOURCE_1","core/BLOCK_017/index/reverse_stripes/reverse_00017.tif",264318,""
"BLOCK_017","reverse",18,4353,4608,256,7200,"SOURCE_1","core/BLOCK_017/index/reverse_stripes/reverse_00018.tif",202064,""
"BLOCK_017","reverse",19,4609,4864,256,7200,"SOURCE_1","core/BLOCK_017/index/reverse_stripes/reverse_00019.tif",130332,""
"BLOCK_017","reverse",20,4865,5120,256,7200,"SOURCE_1","core/BLOCK_017/index/reverse_stripes/reverse_00020.tif",95692,""
"BLOCK_017","reverse",21,5121,5376,256,7200,"SOURCE_1","core/BLOCK_017/index/reverse_stripes/reverse_00021.tif",39632,""
"BLOCK_017","reverse",22,5377,5632,256,7200,"SOURCE_1","core/BLOCK_017/index/reverse_stripes/reverse_00022.tif",8410,""
"BLOCK_017","reverse",23,5633,5888,256,7200,"SOURCE_1","core/BLOCK_017/index/reverse_stripes/reverse_00023.tif",6045,""
"BLOCK_017","reverse",24,5889,6144,256,7200,"SOURCE_1","core/BLOCK_017/index/reverse_stripes/reverse_00024.tif",6045,""
"BLOCK_017","reverse",25,6145,6400,256,7200,"SOURCE_1","core/BLOCK_017/index/reverse_stripes/reverse_00025.tif",6045,""
"BLOCK_017","reverse",26,6401,6656,256,7200,"SOURCE_1","core/BLOCK_017/index/reverse_stripes/reverse_00026.tif",6045,""
"BLOCK_017","reverse",27,6657,6912,256,7200,"SOURCE_1","core/BLOCK_017/index/reverse_stripes/reverse_00027.tif",6045,""
"BLOCK_017","reverse",28,6913,7168,256,7200,"SOURCE_1","core/BLOCK_017/index/reverse_stripes/reverse_00028.tif",6045,""
"BLOCK_017","reverse",29,7169,7200,32,7200,"SOURCE_1","core/BLOCK_017/index/reverse_stripes/reverse_00029.tif",4499,""
"BLOCK_017","run_info",NA,NA,NA,NA,NA,"SOURCE_1","core/BLOCK_017/run_info.csv",1000,""
"BLOCK_017","stream",1,1,256,256,7200,"SOURCE_1","core/BLOCK_017/index/stream_stripes/stream_00001.tif",15762,""
"BLOCK_017","stream",2,257,512,256,7200,"SOURCE_1","core/BLOCK_017/index/stream_stripes/stream_00002.tif",18352,""
"BLOCK_017","stream",3,513,768,256,7200,"SOURCE_1","core/BLOCK_017/index/stream_stripes/stream_00003.tif",18930,""
"BLOCK_017","stream",4,769,1024,256,7200,"SOURCE_1","core/BLOCK_017/index/stream_stripes/stream_00004.tif",19350,""
"BLOCK_017","stream",5,1025,1280,256,7200,"SOURCE_1","core/BLOCK_017/index/stream_stripes/stream_00005.tif",18058,""
"BLOCK_017","stream",6,1281,1536,256,7200,"SOURCE_1","core/BLOCK_017/index/stream_stripes/stream_00006.tif",18824,""
"BLOCK_017","stream",7,1537,1792,256,7200,"SOURCE_1","core/BLOCK_017/index/stream_stripes/stream_00007.tif",18518,""
"BLOCK_017","stream",8,1793,2048,256,7200,"SOURCE_1","core/BLOCK_017/index/stream_stripes/stream_00008.tif",19310,""
"BLOCK_017","stream",9,2049,2304,256,7200,"SOURCE_1","core/BLOCK_017/index/stream_stripes/stream_00009.tif",18378,""
"BLOCK_017","stream",10,2305,2560,256,7200,"SOURCE_1","core/BLOCK_017/index/stream_stripes/stream_00010.tif",19790,""
"BLOCK_017","stream",11,2561,2816,256,7200,"SOURCE_1","core/BLOCK_017/index/stream_stripes/stream_00011.tif",17018,""
"BLOCK_017","stream",12,2817,3072,256,7200,"SOURCE_1","core/BLOCK_017/index/stream_stripes/stream_00012.tif",13320,""
"BLOCK_017","stream",13,3073,3328,256,7200,"SOURCE_1","core/BLOCK_017/index/stream_stripes/stream_00013.tif",11650,""
"BLOCK_017","stream",14,3329,3584,256,7200,"SOURCE_1","core/BLOCK_017/index/stream_stripes/stream_00014.tif",12678,""
"BLOCK_017","stream",15,3585,3840,256,7200,"SOURCE_1","core/BLOCK_017/index/stream_stripes/stream_00015.tif",11548,""
"BLOCK_017","stream",16,3841,4096,256,7200,"SOURCE_1","core/BLOCK_017/index/stream_stripes/stream_00016.tif",13246,""
"BLOCK_017","stream",17,4097,4352,256,7200,"SOURCE_1","core/BLOCK_017/index/stream_stripes/stream_00017.tif",13776,""
"BLOCK_017","stream",18,4353,4608,256,7200,"SOURCE_1","core/BLOCK_017/index/stream_stripes/stream_00018.tif",11072,""
"BLOCK_017","stream",19,4609,4864,256,7200,"SOURCE_1","core/BLOCK_017/index/stream_stripes/stream_00019.tif",9064,""
"BLOCK_017","stream",20,4865,5120,256,7200,"SOURCE_1","core/BLOCK_017/index/stream_stripes/stream_00020.tif",8464,""
"BLOCK_017","stream",21,5121,5376,256,7200,"SOURCE_1","core/BLOCK_017/index/stream_stripes/stream_00021.tif",6070,""
"BLOCK_017","stream",22,5377,5632,256,7200,"SOURCE_1","core/BLOCK_017/index/stream_stripes/stream_00022.tif",4798,""
"BLOCK_017","stream",23,5633,5888,256,7200,"SOURCE_1","core/BLOCK_017/index/stream_stripes/stream_00023.tif",4650,""
"BLOCK_017","stream",24,5889,6144,256,7200,"SOURCE_1","core/BLOCK_017/index/stream_stripes/stream_00024.tif",4650,""
"BLOCK_017","stream",25,6145,6400,256,7200,"SOURCE_1","core/BLOCK_017/index/stream_stripes/stream_00025.tif",4650,""
"BLOCK_017","stream",26,6401,6656,256,7200,"SOURCE_1","core/BLOCK_017/index/stream_stripes/stream_00026.tif",4650,""
"BLOCK_017","stream",27,6657,6912,256,7200,"SOURCE_1","core/BLOCK_017/index/stream_stripes/stream_00027.tif",4650,""
"BLOCK_017","stream",28,6913,7168,256,7200,"SOURCE_1","core/BLOCK_017/index/stream_stripes/stream_00028.tif",4650,""
"BLOCK_017","stream",29,7169,7200,32,7200,"SOURCE_1","core/BLOCK_017/index/stream_stripes/stream_00029.tif",4224,""
"BLOCK_018","hydrography",NA,NA,NA,NA,NA,"SOURCE_1","core/BLOCK_018/hydrography_block.gpkg",2097152,""
"BLOCK_018","index_metadata",NA,NA,NA,NA,NA,"SOURCE_1","core/BLOCK_018/index/index_metadata.rds",1343,""
"BLOCK_018","reverse",1,1,256,256,7200,"SOURCE_1","core/BLOCK_018/index/reverse_stripes/reverse_00001.tif",580824,""
"BLOCK_018","reverse",2,257,512,256,7200,"SOURCE_1","core/BLOCK_018/index/reverse_stripes/reverse_00002.tif",531634,""
"BLOCK_018","reverse",3,513,768,256,7200,"SOURCE_1","core/BLOCK_018/index/reverse_stripes/reverse_00003.tif",530936,""
"BLOCK_018","reverse",4,769,1024,256,7200,"SOURCE_1","core/BLOCK_018/index/reverse_stripes/reverse_00004.tif",507034,""
"BLOCK_018","reverse",5,1025,1280,256,7200,"SOURCE_1","core/BLOCK_018/index/reverse_stripes/reverse_00005.tif",498214,""
"BLOCK_018","reverse",6,1281,1536,256,7200,"SOURCE_1","core/BLOCK_018/index/reverse_stripes/reverse_00006.tif",499750,""
"BLOCK_018","reverse",7,1537,1792,256,7200,"SOURCE_1","core/BLOCK_018/index/reverse_stripes/reverse_00007.tif",496974,""
"BLOCK_018","reverse",8,1793,2048,256,7200,"SOURCE_1","core/BLOCK_018/index/reverse_stripes/reverse_00008.tif",486880,""
"BLOCK_018","reverse",9,2049,2304,256,7200,"SOURCE_1","core/BLOCK_018/index/reverse_stripes/reverse_00009.tif",487940,""
"BLOCK_018","reverse",10,2305,2560,256,7200,"SOURCE_1","core/BLOCK_018/index/reverse_stripes/reverse_00010.tif",465610,""
"BLOCK_018","reverse",11,2561,2816,256,7200,"SOURCE_1","core/BLOCK_018/index/reverse_stripes/reverse_00011.tif",449472,""
"BLOCK_018","reverse",12,2817,3072,256,7200,"SOURCE_1","core/BLOCK_018/index/reverse_stripes/reverse_00012.tif",425462,""
"BLOCK_018","reverse",13,3073,3328,256,7200,"SOURCE_1","core/BLOCK_018/index/reverse_stripes/reverse_00013.tif",407664,""
"BLOCK_018","reverse",14,3329,3584,256,7200,"SOURCE_1","core/BLOCK_018/index/reverse_stripes/reverse_00014.tif",402340,""
"BLOCK_018","reverse",15,3585,3840,256,7200,"SOURCE_1","core/BLOCK_018/index/reverse_stripes/reverse_00015.tif",379234,""
"BLOCK_018","reverse",16,3841,4096,256,7200,"SOURCE_1","core/BLOCK_018/index/reverse_stripes/reverse_00016.tif",347692,""
"BLOCK_018","reverse",17,4097,4352,256,7200,"SOURCE_1","core/BLOCK_018/index/reverse_stripes/reverse_00017.tif",326334,""
"BLOCK_018","reverse",18,4353,4608,256,7200,"SOURCE_1","core/BLOCK_018/index/reverse_stripes/reverse_00018.tif",309086,""
"BLOCK_018","reverse",19,4609,4864,256,7200,"SOURCE_1","core/BLOCK_018/index/reverse_stripes/reverse_00019.tif",295876,""
"BLOCK_018","reverse",20,4865,5120,256,7200,"SOURCE_1","core/BLOCK_018/index/reverse_stripes/reverse_00020.tif",283054,""
"BLOCK_018","reverse",21,5121,5376,256,7200,"SOURCE_1","core/BLOCK_018/index/reverse_stripes/reverse_00021.tif",290278,""
"BLOCK_018","reverse",22,5377,5632,256,7200,"SOURCE_1","core/BLOCK_018/index/reverse_stripes/reverse_00022.tif",267192,""
"BLOCK_018","reverse",23,5633,5888,256,7200,"SOURCE_1","core/BLOCK_018/index/reverse_stripes/reverse_00023.tif",248702,""
"BLOCK_018","reverse",24,5889,6144,256,7200,"SOURCE_1","core/BLOCK_018/index/reverse_stripes/reverse_00024.tif",239900,""
"BLOCK_018","reverse",25,6145,6400,256,7200,"SOURCE_1","core/BLOCK_018/index/reverse_stripes/reverse_00025.tif",243920,""
"BLOCK_018","reverse",26,6401,6656,256,7200,"SOURCE_1","core/BLOCK_018/index/reverse_stripes/reverse_00026.tif",232144,""
"BLOCK_018","reverse",27,6657,6912,256,7200,"SOURCE_1","core/BLOCK_018/index/reverse_stripes/reverse_00027.tif",219354,""
"BLOCK_018","reverse",28,6913,7168,256,7200,"SOURCE_1","core/BLOCK_018/index/reverse_stripes/reverse_00028.tif",212604,""
"BLOCK_018","reverse",29,7169,7200,32,7200,"SOURCE_1","core/BLOCK_018/index/reverse_stripes/reverse_00029.tif",34240,""
"BLOCK_018","run_info",NA,NA,NA,NA,NA,"SOURCE_1","core/BLOCK_018/run_info.csv",1000,""
"BLOCK_018","stream",1,1,256,256,7200,"SOURCE_1","core/BLOCK_018/index/stream_stripes/stream_00001.tif",12918,""
"BLOCK_018","stream",2,257,512,256,7200,"SOURCE_1","core/BLOCK_018/index/stream_stripes/stream_00002.tif",16398,""
"BLOCK_018","stream",3,513,768,256,7200,"SOURCE_1","core/BLOCK_018/index/stream_stripes/stream_00003.tif",16718,""
"BLOCK_018","stream",4,769,1024,256,7200,"SOURCE_1","core/BLOCK_018/index/stream_stripes/stream_00004.tif",16642,""
"BLOCK_018","stream",5,1025,1280,256,7200,"SOURCE_1","core/BLOCK_018/index/stream_stripes/stream_00005.tif",15896,""
"BLOCK_018","stream",6,1281,1536,256,7200,"SOURCE_1","core/BLOCK_018/index/stream_stripes/stream_00006.tif",11858,""
"BLOCK_018","stream",7,1537,1792,256,7200,"SOURCE_1","core/BLOCK_018/index/stream_stripes/stream_00007.tif",17402,""
"BLOCK_018","stream",8,1793,2048,256,7200,"SOURCE_1","core/BLOCK_018/index/stream_stripes/stream_00008.tif",15722,""
"BLOCK_018","stream",9,2049,2304,256,7200,"SOURCE_1","core/BLOCK_018/index/stream_stripes/stream_00009.tif",15732,""
"BLOCK_018","stream",10,2305,2560,256,7200,"SOURCE_1","core/BLOCK_018/index/stream_stripes/stream_00010.tif",15124,""
"BLOCK_018","stream",11,2561,2816,256,7200,"SOURCE_1","core/BLOCK_018/index/stream_stripes/stream_00011.tif",16210,""
"BLOCK_018","stream",12,2817,3072,256,7200,"SOURCE_1","core/BLOCK_018/index/stream_stripes/stream_00012.tif",14102,""
"BLOCK_018","stream",13,3073,3328,256,7200,"SOURCE_1","core/BLOCK_018/index/stream_stripes/stream_00013.tif",13206,""
"BLOCK_018","stream",14,3329,3584,256,7200,"SOURCE_1","core/BLOCK_018/index/stream_stripes/stream_00014.tif",13406,""
"BLOCK_018","stream",15,3585,3840,256,7200,"SOURCE_1","core/BLOCK_018/index/stream_stripes/stream_00015.tif",12742,""
"BLOCK_018","stream",16,3841,4096,256,7200,"SOURCE_1","core/BLOCK_018/index/stream_stripes/stream_00016.tif",11108,""
"BLOCK_018","stream",17,4097,4352,256,7200,"SOURCE_1","core/BLOCK_018/index/stream_stripes/stream_00017.tif",12362,""
"BLOCK_018","stream",18,4353,4608,256,7200,"SOURCE_1","core/BLOCK_018/index/stream_stripes/stream_00018.tif",12190,""
"BLOCK_018","stream",19,4609,4864,256,7200,"SOURCE_1","core/BLOCK_018/index/stream_stripes/stream_00019.tif",11958,""
"BLOCK_018","stream",20,4865,5120,256,7200,"SOURCE_1","core/BLOCK_018/index/stream_stripes/stream_00020.tif",12236,""
"BLOCK_018","stream",21,5121,5376,256,7200,"SOURCE_1","core/BLOCK_018/index/stream_stripes/stream_00021.tif",12466,""
"BLOCK_018","stream",22,5377,5632,256,7200,"SOURCE_1","core/BLOCK_018/index/stream_stripes/stream_00022.tif",11764,""
"BLOCK_018","stream",23,5633,5888,256,7200,"SOURCE_1","core/BLOCK_018/index/stream_stripes/stream_00023.tif",11646,""
"BLOCK_018","stream",24,5889,6144,256,7200,"SOURCE_1","core/BLOCK_018/index/stream_stripes/stream_00024.tif",12232,""
"BLOCK_018","stream",25,6145,6400,256,7200,"SOURCE_1","core/BLOCK_018/index/stream_stripes/stream_00025.tif",12132,""
"BLOCK_018","stream",26,6401,6656,256,7200,"SOURCE_1","core/BLOCK_018/index/stream_stripes/stream_00026.tif",10646,""
"BLOCK_018","stream",27,6657,6912,256,7200,"SOURCE_1","core/BLOCK_018/index/stream_stripes/stream_00027.tif",11590,""
"BLOCK_018","stream",28,6913,7168,256,7200,"SOURCE_1","core/BLOCK_018/index/stream_stripes/stream_00028.tif",11654,""
"BLOCK_018","stream",29,7169,7200,32,7200,"SOURCE_1","core/BLOCK_018/index/stream_stripes/stream_00029.tif",4768,""
"BLOCK_019","hydrography",NA,NA,NA,NA,NA,"SOURCE_1","core/BLOCK_019/hydrography_block.gpkg",6082560,""
"BLOCK_019","index_metadata",NA,NA,NA,NA,NA,"SOURCE_1","core/BLOCK_019/index/index_metadata.rds",1346,""
"BLOCK_019","reverse",1,1,256,256,14400,"SOURCE_1","core/BLOCK_019/index/reverse_stripes/reverse_00001.tif",898094,""
"BLOCK_019","reverse",2,257,512,256,14400,"SOURCE_1","core/BLOCK_019/index/reverse_stripes/reverse_00002.tif",892696,""
"BLOCK_019","reverse",3,513,768,256,14400,"SOURCE_1","core/BLOCK_019/index/reverse_stripes/reverse_00003.tif",881918,""
"BLOCK_019","reverse",4,769,1024,256,14400,"SOURCE_1","core/BLOCK_019/index/reverse_stripes/reverse_00004.tif",894244,""
"BLOCK_019","reverse",5,1025,1280,256,14400,"SOURCE_1","core/BLOCK_019/index/reverse_stripes/reverse_00005.tif",845780,""
"BLOCK_019","reverse",6,1281,1536,256,14400,"SOURCE_1","core/BLOCK_019/index/reverse_stripes/reverse_00006.tif",795572,""
"BLOCK_019","reverse",7,1537,1792,256,14400,"SOURCE_1","core/BLOCK_019/index/reverse_stripes/reverse_00007.tif",773540,""
"BLOCK_019","reverse",8,1793,2048,256,14400,"SOURCE_1","core/BLOCK_019/index/reverse_stripes/reverse_00008.tif",740022,""
"BLOCK_019","reverse",9,2049,2304,256,14400,"SOURCE_1","core/BLOCK_019/index/reverse_stripes/reverse_00009.tif",739742,""
"BLOCK_019","reverse",10,2305,2560,256,14400,"SOURCE_1","core/BLOCK_019/index/reverse_stripes/reverse_00010.tif",735860,""
"BLOCK_019","reverse",11,2561,2816,256,14400,"SOURCE_1","core/BLOCK_019/index/reverse_stripes/reverse_00011.tif",631864,""
"BLOCK_019","reverse",12,2817,3072,256,14400,"SOURCE_1","core/BLOCK_019/index/reverse_stripes/reverse_00012.tif",622604,""
"BLOCK_019","reverse",13,3073,3328,256,14400,"SOURCE_1","core/BLOCK_019/index/reverse_stripes/reverse_00013.tif",645038,""
"BLOCK_019","reverse",14,3329,3584,256,14400,"SOURCE_1","core/BLOCK_019/index/reverse_stripes/reverse_00014.tif",695824,""
"BLOCK_019","reverse",15,3585,3840,256,14400,"SOURCE_1","core/BLOCK_019/index/reverse_stripes/reverse_00015.tif",733074,""
"BLOCK_019","reverse",16,3841,4096,256,14400,"SOURCE_1","core/BLOCK_019/index/reverse_stripes/reverse_00016.tif",760758,""
"BLOCK_019","reverse",17,4097,4352,256,14400,"SOURCE_1","core/BLOCK_019/index/reverse_stripes/reverse_00017.tif",749138,""
"BLOCK_019","reverse",18,4353,4608,256,14400,"SOURCE_1","core/BLOCK_019/index/reverse_stripes/reverse_00018.tif",750746,""
"BLOCK_019","reverse",19,4609,4864,256,14400,"SOURCE_1","core/BLOCK_019/index/reverse_stripes/reverse_00019.tif",777566,""
"BLOCK_019","reverse",20,4865,5120,256,14400,"SOURCE_1","core/BLOCK_019/index/reverse_stripes/reverse_00020.tif",770706,""
"BLOCK_019","reverse",21,5121,5376,256,14400,"SOURCE_1","core/BLOCK_019/index/reverse_stripes/reverse_00021.tif",839652,""
"BLOCK_019","reverse",22,5377,5632,256,14400,"SOURCE_1","core/BLOCK_019/index/reverse_stripes/reverse_00022.tif",838560,""
"BLOCK_019","reverse",23,5633,5888,256,14400,"SOURCE_1","core/BLOCK_019/index/reverse_stripes/reverse_00023.tif",870508,""
"BLOCK_019","reverse",24,5889,6144,256,14400,"SOURCE_1","core/BLOCK_019/index/reverse_stripes/reverse_00024.tif",868260,""
"BLOCK_019","reverse",25,6145,6400,256,14400,"SOURCE_1","core/BLOCK_019/index/reverse_stripes/reverse_00025.tif",847844,""
"BLOCK_019","reverse",26,6401,6656,256,14400,"SOURCE_1","core/BLOCK_019/index/reverse_stripes/reverse_00026.tif",868672,""
"BLOCK_019","reverse",27,6657,6912,256,14400,"SOURCE_1","core/BLOCK_019/index/reverse_stripes/reverse_00027.tif",849052,""
"BLOCK_019","reverse",28,6913,7168,256,14400,"SOURCE_1","core/BLOCK_019/index/reverse_stripes/reverse_00028.tif",862930,""
"BLOCK_019","reverse",29,7169,7424,256,14400,"SOURCE_1","core/BLOCK_019/index/reverse_stripes/reverse_00029.tif",591830,""
"BLOCK_019","reverse",30,7425,7680,256,14400,"SOURCE_1","core/BLOCK_019/index/reverse_stripes/reverse_00030.tif",530528,""
"BLOCK_019","reverse",31,7681,7936,256,14400,"SOURCE_1","core/BLOCK_019/index/reverse_stripes/reverse_00031.tif",557552,""
"BLOCK_019","reverse",32,7937,8192,256,14400,"SOURCE_1","core/BLOCK_019/index/reverse_stripes/reverse_00032.tif",593888,""
"BLOCK_019","reverse",33,8193,8448,256,14400,"SOURCE_1","core/BLOCK_019/index/reverse_stripes/reverse_00033.tif",610544,""
"BLOCK_019","reverse",34,8449,8704,256,14400,"SOURCE_1","core/BLOCK_019/index/reverse_stripes/reverse_00034.tif",627752,""
"BLOCK_019","reverse",35,8705,8960,256,14400,"SOURCE_1","core/BLOCK_019/index/reverse_stripes/reverse_00035.tif",648910,""
"BLOCK_019","reverse",36,8961,9216,256,14400,"SOURCE_1","core/BLOCK_019/index/reverse_stripes/reverse_00036.tif",671102,""
"BLOCK_019","reverse",37,9217,9472,256,14400,"SOURCE_1","core/BLOCK_019/index/reverse_stripes/reverse_00037.tif",643714,""
"BLOCK_019","reverse",38,9473,9728,256,14400,"SOURCE_1","core/BLOCK_019/index/reverse_stripes/reverse_00038.tif",636078,""
"BLOCK_019","reverse",39,9729,9984,256,14400,"SOURCE_1","core/BLOCK_019/index/reverse_stripes/reverse_00039.tif",628382,""
"BLOCK_019","reverse",40,9985,10240,256,14400,"SOURCE_1","core/BLOCK_019/index/reverse_stripes/reverse_00040.tif",590930,""
"BLOCK_019","reverse",41,10241,10496,256,14400,"SOURCE_1","core/BLOCK_019/index/reverse_stripes/reverse_00041.tif",586922,""
"BLOCK_019","reverse",42,10497,10752,256,14400,"SOURCE_1","core/BLOCK_019/index/reverse_stripes/reverse_00042.tif",564904,""
"BLOCK_019","reverse",43,10753,10800,48,14400,"SOURCE_1","core/BLOCK_019/index/reverse_stripes/reverse_00043.tif",120116,""
"BLOCK_019","run_info",NA,NA,NA,NA,NA,"SOURCE_1","core/BLOCK_019/run_info.csv",1111,""
"BLOCK_019","stream",1,1,256,256,14400,"SOURCE_1","core/BLOCK_019/index/stream_stripes/stream_00001.tif",25206,""
"BLOCK_019","stream",2,257,512,256,14400,"SOURCE_1","core/BLOCK_019/index/stream_stripes/stream_00002.tif",26822,""
"BLOCK_019","stream",3,513,768,256,14400,"SOURCE_1","core/BLOCK_019/index/stream_stripes/stream_00003.tif",28398,""
"BLOCK_019","stream",4,769,1024,256,14400,"SOURCE_1","core/BLOCK_019/index/stream_stripes/stream_00004.tif",29216,""
"BLOCK_019","stream",5,1025,1280,256,14400,"SOURCE_1","core/BLOCK_019/index/stream_stripes/stream_00005.tif",27416,""
"BLOCK_019","stream",6,1281,1536,256,14400,"SOURCE_1","core/BLOCK_019/index/stream_stripes/stream_00006.tif",26456,""
"BLOCK_019","stream",7,1537,1792,256,14400,"SOURCE_1","core/BLOCK_019/index/stream_stripes/stream_00007.tif",26544,""
"BLOCK_019","stream",8,1793,2048,256,14400,"SOURCE_1","core/BLOCK_019/index/stream_stripes/stream_00008.tif",28250,""
"BLOCK_019","stream",9,2049,2304,256,14400,"SOURCE_1","core/BLOCK_019/index/stream_stripes/stream_00009.tif",26120,""
"BLOCK_019","stream",10,2305,2560,256,14400,"SOURCE_1","core/BLOCK_019/index/stream_stripes/stream_00010.tif",27326,""
"BLOCK_019","stream",11,2561,2816,256,14400,"SOURCE_1","core/BLOCK_019/index/stream_stripes/stream_00011.tif",21812,""
"BLOCK_019","stream",12,2817,3072,256,14400,"SOURCE_1","core/BLOCK_019/index/stream_stripes/stream_00012.tif",24248,""
"BLOCK_019","stream",13,3073,3328,256,14400,"SOURCE_1","core/BLOCK_019/index/stream_stripes/stream_00013.tif",23098,""
"BLOCK_019","stream",14,3329,3584,256,14400,"SOURCE_1","core/BLOCK_019/index/stream_stripes/stream_00014.tif",22942,""
"BLOCK_019","stream",15,3585,3840,256,14400,"SOURCE_1","core/BLOCK_019/index/stream_stripes/stream_00015.tif",23308,""
"BLOCK_019","stream",16,3841,4096,256,14400,"SOURCE_1","core/BLOCK_019/index/stream_stripes/stream_00016.tif",27524,""
"BLOCK_019","stream",17,4097,4352,256,14400,"SOURCE_1","core/BLOCK_019/index/stream_stripes/stream_00017.tif",25522,""
"BLOCK_019","stream",18,4353,4608,256,14400,"SOURCE_1","core/BLOCK_019/index/stream_stripes/stream_00018.tif",25700,""
"BLOCK_019","stream",19,4609,4864,256,14400,"SOURCE_1","core/BLOCK_019/index/stream_stripes/stream_00019.tif",26348,""
"BLOCK_019","stream",20,4865,5120,256,14400,"SOURCE_1","core/BLOCK_019/index/stream_stripes/stream_00020.tif",27358,""
"BLOCK_019","stream",21,5121,5376,256,14400,"SOURCE_1","core/BLOCK_019/index/stream_stripes/stream_00021.tif",27930,""
"BLOCK_019","stream",22,5377,5632,256,14400,"SOURCE_1","core/BLOCK_019/index/stream_stripes/stream_00022.tif",28388,""
"BLOCK_019","stream",23,5633,5888,256,14400,"SOURCE_1","core/BLOCK_019/index/stream_stripes/stream_00023.tif",27558,""
"BLOCK_019","stream",24,5889,6144,256,14400,"SOURCE_1","core/BLOCK_019/index/stream_stripes/stream_00024.tif",28278,""
"BLOCK_019","stream",25,6145,6400,256,14400,"SOURCE_1","core/BLOCK_019/index/stream_stripes/stream_00025.tif",30846,""
"BLOCK_019","stream",26,6401,6656,256,14400,"SOURCE_1","core/BLOCK_019/index/stream_stripes/stream_00026.tif",30600,""
"BLOCK_019","stream",27,6657,6912,256,14400,"SOURCE_1","core/BLOCK_019/index/stream_stripes/stream_00027.tif",26098,""
"BLOCK_019","stream",28,6913,7168,256,14400,"SOURCE_1","core/BLOCK_019/index/stream_stripes/stream_00028.tif",25590,""
"BLOCK_019","stream",29,7169,7424,256,14400,"SOURCE_1","core/BLOCK_019/index/stream_stripes/stream_00029.tif",22212,""
"BLOCK_019","stream",30,7425,7680,256,14400,"SOURCE_1","core/BLOCK_019/index/stream_stripes/stream_00030.tif",19388,""
"BLOCK_019","stream",31,7681,7936,256,14400,"SOURCE_1","core/BLOCK_019/index/stream_stripes/stream_00031.tif",20052,""
"BLOCK_019","stream",32,7937,8192,256,14400,"SOURCE_1","core/BLOCK_019/index/stream_stripes/stream_00032.tif",22324,""
"BLOCK_019","stream",33,8193,8448,256,14400,"SOURCE_1","core/BLOCK_019/index/stream_stripes/stream_00033.tif",23022,""
"BLOCK_019","stream",34,8449,8704,256,14400,"SOURCE_1","core/BLOCK_019/index/stream_stripes/stream_00034.tif",23488,""
"BLOCK_019","stream",35,8705,8960,256,14400,"SOURCE_1","core/BLOCK_019/index/stream_stripes/stream_00035.tif",23920,""
"BLOCK_019","stream",36,8961,9216,256,14400,"SOURCE_1","core/BLOCK_019/index/stream_stripes/stream_00036.tif",24400,""
"BLOCK_019","stream",37,9217,9472,256,14400,"SOURCE_1","core/BLOCK_019/index/stream_stripes/stream_00037.tif",21422,""
"BLOCK_019","stream",38,9473,9728,256,14400,"SOURCE_1","core/BLOCK_019/index/stream_stripes/stream_00038.tif",23788,""
"BLOCK_019","stream",39,9729,9984,256,14400,"SOURCE_1","core/BLOCK_019/index/stream_stripes/stream_00039.tif",22218,""
"BLOCK_019","stream",40,9985,10240,256,14400,"SOURCE_1","core/BLOCK_019/index/stream_stripes/stream_00040.tif",23556,""
"BLOCK_019","stream",41,10241,10496,256,14400,"SOURCE_1","core/BLOCK_019/index/stream_stripes/stream_00041.tif",26126,""
"BLOCK_019","stream",42,10497,10752,256,14400,"SOURCE_1","core/BLOCK_019/index/stream_stripes/stream_00042.tif",24304,""
"BLOCK_019","stream",43,10753,10800,48,14400,"SOURCE_1","core/BLOCK_019/index/stream_stripes/stream_00043.tif",9908,""
"BLOCK_020","hydrography",NA,NA,NA,NA,NA,"SOURCE_1","core/BLOCK_020/hydrography_block.gpkg",4583424,""
"BLOCK_020","index_metadata",NA,NA,NA,NA,NA,"SOURCE_1","core/BLOCK_020/index/index_metadata.rds",1340,""
"BLOCK_020","reverse",1,1,256,256,10800,"SOURCE_1","core/BLOCK_020/index/reverse_stripes/reverse_00001.tif",930440,""
"BLOCK_020","reverse",2,257,512,256,10800,"SOURCE_1","core/BLOCK_020/index/reverse_stripes/reverse_00002.tif",924802,""
"BLOCK_020","reverse",3,513,768,256,10800,"SOURCE_1","core/BLOCK_020/index/reverse_stripes/reverse_00003.tif",910376,""
"BLOCK_020","reverse",4,769,1024,256,10800,"SOURCE_1","core/BLOCK_020/index/reverse_stripes/reverse_00004.tif",915890,""
"BLOCK_020","reverse",5,1025,1280,256,10800,"SOURCE_1","core/BLOCK_020/index/reverse_stripes/reverse_00005.tif",915138,""
"BLOCK_020","reverse",6,1281,1536,256,10800,"SOURCE_1","core/BLOCK_020/index/reverse_stripes/reverse_00006.tif",924588,""
"BLOCK_020","reverse",7,1537,1792,256,10800,"SOURCE_1","core/BLOCK_020/index/reverse_stripes/reverse_00007.tif",898180,""
"BLOCK_020","reverse",8,1793,2048,256,10800,"SOURCE_1","core/BLOCK_020/index/reverse_stripes/reverse_00008.tif",906832,""
"BLOCK_020","reverse",9,2049,2304,256,10800,"SOURCE_1","core/BLOCK_020/index/reverse_stripes/reverse_00009.tif",919720,""
"BLOCK_020","reverse",10,2305,2560,256,10800,"SOURCE_1","core/BLOCK_020/index/reverse_stripes/reverse_00010.tif",936642,""
"BLOCK_020","reverse",11,2561,2816,256,10800,"SOURCE_1","core/BLOCK_020/index/reverse_stripes/reverse_00011.tif",921008,""
"BLOCK_020","reverse",12,2817,3072,256,10800,"SOURCE_1","core/BLOCK_020/index/reverse_stripes/reverse_00012.tif",895434,""
"BLOCK_020","reverse",13,3073,3328,256,10800,"SOURCE_1","core/BLOCK_020/index/reverse_stripes/reverse_00013.tif",889838,""
"BLOCK_020","reverse",14,3329,3584,256,10800,"SOURCE_1","core/BLOCK_020/index/reverse_stripes/reverse_00014.tif",877796,""
"BLOCK_020","reverse",15,3585,3840,256,10800,"SOURCE_1","core/BLOCK_020/index/reverse_stripes/reverse_00015.tif",894564,""
"BLOCK_020","reverse",16,3841,4096,256,10800,"SOURCE_1","core/BLOCK_020/index/reverse_stripes/reverse_00016.tif",892468,""
"BLOCK_020","reverse",17,4097,4352,256,10800,"SOURCE_1","core/BLOCK_020/index/reverse_stripes/reverse_00017.tif",879794,""
"BLOCK_020","reverse",18,4353,4608,256,10800,"SOURCE_1","core/BLOCK_020/index/reverse_stripes/reverse_00018.tif",894070,""
"BLOCK_020","reverse",19,4609,4864,256,10800,"SOURCE_1","core/BLOCK_020/index/reverse_stripes/reverse_00019.tif",847588,""
"BLOCK_020","reverse",20,4865,5120,256,10800,"SOURCE_1","core/BLOCK_020/index/reverse_stripes/reverse_00020.tif",797586,""
"BLOCK_020","reverse",21,5121,5376,256,10800,"SOURCE_1","core/BLOCK_020/index/reverse_stripes/reverse_00021.tif",774654,""
"BLOCK_020","reverse",22,5377,5632,256,10800,"SOURCE_1","core/BLOCK_020/index/reverse_stripes/reverse_00022.tif",741684,""
"BLOCK_020","reverse",23,5633,5888,256,10800,"SOURCE_1","core/BLOCK_020/index/reverse_stripes/reverse_00023.tif",738202,""
"BLOCK_020","reverse",24,5889,6144,256,10800,"SOURCE_1","core/BLOCK_020/index/reverse_stripes/reverse_00024.tif",739744,""
"BLOCK_020","reverse",25,6145,6400,256,10800,"SOURCE_1","core/BLOCK_020/index/reverse_stripes/reverse_00025.tif",635438,""
"BLOCK_020","reverse",26,6401,6656,256,10800,"SOURCE_1","core/BLOCK_020/index/reverse_stripes/reverse_00026.tif",624842,""
"BLOCK_020","reverse",27,6657,6912,256,10800,"SOURCE_1","core/BLOCK_020/index/reverse_stripes/reverse_00027.tif",641010,""
"BLOCK_020","reverse",28,6913,7168,256,10800,"SOURCE_1","core/BLOCK_020/index/reverse_stripes/reverse_00028.tif",691224,""
"BLOCK_020","reverse",29,7169,7200,32,10800,"SOURCE_1","core/BLOCK_020/index/reverse_stripes/reverse_00029.tif",110306,""
"BLOCK_020","run_info",NA,NA,NA,NA,NA,"SOURCE_1","core/BLOCK_020/run_info.csv",1053,""
"BLOCK_020","stream",1,1,256,256,10800,"SOURCE_1","core/BLOCK_020/index/stream_stripes/stream_00001.tif",24454,""
"BLOCK_020","stream",2,257,512,256,10800,"SOURCE_1","core/BLOCK_020/index/stream_stripes/stream_00002.tif",26974,""
"BLOCK_020","stream",3,513,768,256,10800,"SOURCE_1","core/BLOCK_020/index/stream_stripes/stream_00003.tif",25196,""
"BLOCK_020","stream",4,769,1024,256,10800,"SOURCE_1","core/BLOCK_020/index/stream_stripes/stream_00004.tif",27712,""
"BLOCK_020","stream",5,1025,1280,256,10800,"SOURCE_1","core/BLOCK_020/index/stream_stripes/stream_00005.tif",29888,""
"BLOCK_020","stream",6,1281,1536,256,10800,"SOURCE_1","core/BLOCK_020/index/stream_stripes/stream_00006.tif",27860,""
"BLOCK_020","stream",7,1537,1792,256,10800,"SOURCE_1","core/BLOCK_020/index/stream_stripes/stream_00007.tif",26454,""
"BLOCK_020","stream",8,1793,2048,256,10800,"SOURCE_1","core/BLOCK_020/index/stream_stripes/stream_00008.tif",25804,""
"BLOCK_020","stream",9,2049,2304,256,10800,"SOURCE_1","core/BLOCK_020/index/stream_stripes/stream_00009.tif",26008,""
"BLOCK_020","stream",10,2305,2560,256,10800,"SOURCE_1","core/BLOCK_020/index/stream_stripes/stream_00010.tif",25112,""
"BLOCK_020","stream",11,2561,2816,256,10800,"SOURCE_1","core/BLOCK_020/index/stream_stripes/stream_00011.tif",30898,""
"BLOCK_020","stream",12,2817,3072,256,10800,"SOURCE_1","core/BLOCK_020/index/stream_stripes/stream_00012.tif",28408,""
"BLOCK_020","stream",13,3073,3328,256,10800,"SOURCE_1","core/BLOCK_020/index/stream_stripes/stream_00013.tif",32154,""
"BLOCK_020","stream",14,3329,3584,256,10800,"SOURCE_1","core/BLOCK_020/index/stream_stripes/stream_00014.tif",30680,""
"BLOCK_020","stream",15,3585,3840,256,10800,"SOURCE_1","core/BLOCK_020/index/stream_stripes/stream_00015.tif",27576,""
"BLOCK_020","stream",16,3841,4096,256,10800,"SOURCE_1","core/BLOCK_020/index/stream_stripes/stream_00016.tif",25568,""
"BLOCK_020","stream",17,4097,4352,256,10800,"SOURCE_1","core/BLOCK_020/index/stream_stripes/stream_00017.tif",27108,""
"BLOCK_020","stream",18,4353,4608,256,10800,"SOURCE_1","core/BLOCK_020/index/stream_stripes/stream_00018.tif",27962,""
"BLOCK_020","stream",19,4609,4864,256,10800,"SOURCE_1","core/BLOCK_020/index/stream_stripes/stream_00019.tif",26206,""
"BLOCK_020","stream",20,4865,5120,256,10800,"SOURCE_1","core/BLOCK_020/index/stream_stripes/stream_00020.tif",25618,""
"BLOCK_020","stream",21,5121,5376,256,10800,"SOURCE_1","core/BLOCK_020/index/stream_stripes/stream_00021.tif",26176,""
"BLOCK_020","stream",22,5377,5632,256,10800,"SOURCE_1","core/BLOCK_020/index/stream_stripes/stream_00022.tif",27604,""
"BLOCK_020","stream",23,5633,5888,256,10800,"SOURCE_1","core/BLOCK_020/index/stream_stripes/stream_00023.tif",25952,""
"BLOCK_020","stream",24,5889,6144,256,10800,"SOURCE_1","core/BLOCK_020/index/stream_stripes/stream_00024.tif",27692,""
"BLOCK_020","stream",25,6145,6400,256,10800,"SOURCE_1","core/BLOCK_020/index/stream_stripes/stream_00025.tif",20950,""
"BLOCK_020","stream",26,6401,6656,256,10800,"SOURCE_1","core/BLOCK_020/index/stream_stripes/stream_00026.tif",23324,""
"BLOCK_020","stream",27,6657,6912,256,10800,"SOURCE_1","core/BLOCK_020/index/stream_stripes/stream_00027.tif",22560,""
"BLOCK_020","stream",28,6913,7168,256,10800,"SOURCE_1","core/BLOCK_020/index/stream_stripes/stream_00028.tif",21140,""
"BLOCK_020","stream",29,7169,7200,32,10800,"SOURCE_1","core/BLOCK_020/index/stream_stripes/stream_00029.tif",7254,""
"BLOCK_021","hydrography",NA,NA,NA,NA,NA,"SOURCE_1","core/BLOCK_021/hydrography_block.gpkg",3141632,""
"BLOCK_021","index_metadata",NA,NA,NA,NA,NA,"SOURCE_1","core/BLOCK_021/index/index_metadata.rds",1340,""
"BLOCK_021","reverse",1,1,256,256,7200,"SOURCE_1","core/BLOCK_021/index/reverse_stripes/reverse_00001.tif",417154,""
"BLOCK_021","reverse",2,257,512,256,7200,"SOURCE_1","core/BLOCK_021/index/reverse_stripes/reverse_00002.tif",456350,""
"BLOCK_021","reverse",3,513,768,256,7200,"SOURCE_1","core/BLOCK_021/index/reverse_stripes/reverse_00003.tif",450792,""
"BLOCK_021","reverse",4,769,1024,256,7200,"SOURCE_1","core/BLOCK_021/index/reverse_stripes/reverse_00004.tif",447518,""
"BLOCK_021","reverse",5,1025,1280,256,7200,"SOURCE_1","core/BLOCK_021/index/reverse_stripes/reverse_00005.tif",477058,""
"BLOCK_021","reverse",6,1281,1536,256,7200,"SOURCE_1","core/BLOCK_021/index/reverse_stripes/reverse_00006.tif",480414,""
"BLOCK_021","reverse",7,1537,1792,256,7200,"SOURCE_1","core/BLOCK_021/index/reverse_stripes/reverse_00007.tif",541522,""
"BLOCK_021","reverse",8,1793,2048,256,7200,"SOURCE_1","core/BLOCK_021/index/reverse_stripes/reverse_00008.tif",539544,""
"BLOCK_021","reverse",9,2049,2304,256,7200,"SOURCE_1","core/BLOCK_021/index/reverse_stripes/reverse_00009.tif",576948,""
"BLOCK_021","reverse",10,2305,2560,256,7200,"SOURCE_1","core/BLOCK_021/index/reverse_stripes/reverse_00010.tif",579362,""
"BLOCK_021","reverse",11,2561,2816,256,7200,"SOURCE_1","core/BLOCK_021/index/reverse_stripes/reverse_00011.tif",575768,""
"BLOCK_021","reverse",12,2817,3072,256,7200,"SOURCE_1","core/BLOCK_021/index/reverse_stripes/reverse_00012.tif",586034,""
"BLOCK_021","reverse",13,3073,3328,256,7200,"SOURCE_1","core/BLOCK_021/index/reverse_stripes/reverse_00013.tif",582986,""
"BLOCK_021","reverse",14,3329,3584,256,7200,"SOURCE_1","core/BLOCK_021/index/reverse_stripes/reverse_00014.tif",592490,""
"BLOCK_021","reverse",15,3585,3840,256,7200,"SOURCE_1","core/BLOCK_021/index/reverse_stripes/reverse_00015.tif",566658,""
"BLOCK_021","reverse",16,3841,4096,256,7200,"SOURCE_1","core/BLOCK_021/index/reverse_stripes/reverse_00016.tif",570660,""
"BLOCK_021","reverse",17,4097,4352,256,7200,"SOURCE_1","core/BLOCK_021/index/reverse_stripes/reverse_00017.tif",601514,""
"BLOCK_021","reverse",18,4353,4608,256,7200,"SOURCE_1","core/BLOCK_021/index/reverse_stripes/reverse_00018.tif",595476,""
"BLOCK_021","reverse",19,4609,4864,256,7200,"SOURCE_1","core/BLOCK_021/index/reverse_stripes/reverse_00019.tif",623710,""
"BLOCK_021","reverse",20,4865,5120,256,7200,"SOURCE_1","core/BLOCK_021/index/reverse_stripes/reverse_00020.tif",652246,""
"BLOCK_021","reverse",21,5121,5376,256,7200,"SOURCE_1","core/BLOCK_021/index/reverse_stripes/reverse_00021.tif",666938,""
"BLOCK_021","reverse",22,5377,5632,256,7200,"SOURCE_1","core/BLOCK_021/index/reverse_stripes/reverse_00022.tif",683380,""
"BLOCK_021","reverse",23,5633,5888,256,7200,"SOURCE_1","core/BLOCK_021/index/reverse_stripes/reverse_00023.tif",675034,""
"BLOCK_021","reverse",24,5889,6144,256,7200,"SOURCE_1","core/BLOCK_021/index/reverse_stripes/reverse_00024.tif",649892,""
"BLOCK_021","reverse",25,6145,6400,256,7200,"SOURCE_1","core/BLOCK_021/index/reverse_stripes/reverse_00025.tif",614318,""
"BLOCK_021","reverse",26,6401,6656,256,7200,"SOURCE_1","core/BLOCK_021/index/reverse_stripes/reverse_00026.tif",599864,""
"BLOCK_021","reverse",27,6657,6912,256,7200,"SOURCE_1","core/BLOCK_021/index/reverse_stripes/reverse_00027.tif",607044,""
"BLOCK_021","reverse",28,6913,7168,256,7200,"SOURCE_1","core/BLOCK_021/index/reverse_stripes/reverse_00028.tif",594988,""
"BLOCK_021","reverse",29,7169,7200,32,7200,"SOURCE_1","core/BLOCK_021/index/reverse_stripes/reverse_00029.tif",84656,""
"BLOCK_021","run_info",NA,NA,NA,NA,NA,"SOURCE_1","core/BLOCK_021/run_info.csv",1000,""
"BLOCK_021","stream",1,1,256,256,7200,"SOURCE_1","core/BLOCK_021/index/stream_stripes/stream_00001.tif",15636,""
"BLOCK_021","stream",2,257,512,256,7200,"SOURCE_1","core/BLOCK_021/index/stream_stripes/stream_00002.tif",18178,""
"BLOCK_021","stream",3,513,768,256,7200,"SOURCE_1","core/BLOCK_021/index/stream_stripes/stream_00003.tif",16576,""
"BLOCK_021","stream",4,769,1024,256,7200,"SOURCE_1","core/BLOCK_021/index/stream_stripes/stream_00004.tif",15926,""
"BLOCK_021","stream",5,1025,1280,256,7200,"SOURCE_1","core/BLOCK_021/index/stream_stripes/stream_00005.tif",17232,""
"BLOCK_021","stream",6,1281,1536,256,7200,"SOURCE_1","core/BLOCK_021/index/stream_stripes/stream_00006.tif",17094,""
"BLOCK_021","stream",7,1537,1792,256,7200,"SOURCE_1","core/BLOCK_021/index/stream_stripes/stream_00007.tif",18316,""
"BLOCK_021","stream",8,1793,2048,256,7200,"SOURCE_1","core/BLOCK_021/index/stream_stripes/stream_00008.tif",18134,""
"BLOCK_021","stream",9,2049,2304,256,7200,"SOURCE_1","core/BLOCK_021/index/stream_stripes/stream_00009.tif",18634,""
"BLOCK_021","stream",10,2305,2560,256,7200,"SOURCE_1","core/BLOCK_021/index/stream_stripes/stream_00010.tif",18324,""
"BLOCK_021","stream",11,2561,2816,256,7200,"SOURCE_1","core/BLOCK_021/index/stream_stripes/stream_00011.tif",19668,""
"BLOCK_021","stream",12,2817,3072,256,7200,"SOURCE_1","core/BLOCK_021/index/stream_stripes/stream_00012.tif",21636,""
"BLOCK_021","stream",13,3073,3328,256,7200,"SOURCE_1","core/BLOCK_021/index/stream_stripes/stream_00013.tif",17758,""
"BLOCK_021","stream",14,3329,3584,256,7200,"SOURCE_1","core/BLOCK_021/index/stream_stripes/stream_00014.tif",16432,""
"BLOCK_021","stream",15,3585,3840,256,7200,"SOURCE_1","core/BLOCK_021/index/stream_stripes/stream_00015.tif",18722,""
"BLOCK_021","stream",16,3841,4096,256,7200,"SOURCE_1","core/BLOCK_021/index/stream_stripes/stream_00016.tif",17198,""
"BLOCK_021","stream",17,4097,4352,256,7200,"SOURCE_1","core/BLOCK_021/index/stream_stripes/stream_00017.tif",17928,""
"BLOCK_021","stream",18,4353,4608,256,7200,"SOURCE_1","core/BLOCK_021/index/stream_stripes/stream_00018.tif",17910,""
"BLOCK_021","stream",19,4609,4864,256,7200,"SOURCE_1","core/BLOCK_021/index/stream_stripes/stream_00019.tif",19600,""
"BLOCK_021","stream",20,4865,5120,256,7200,"SOURCE_1","core/BLOCK_021/index/stream_stripes/stream_00020.tif",19714,""
"BLOCK_021","stream",21,5121,5376,256,7200,"SOURCE_1","core/BLOCK_021/index/stream_stripes/stream_00021.tif",21510,""
"BLOCK_021","stream",22,5377,5632,256,7200,"SOURCE_1","core/BLOCK_021/index/stream_stripes/stream_00022.tif",22758,""
"BLOCK_021","stream",23,5633,5888,256,7200,"SOURCE_1","core/BLOCK_021/index/stream_stripes/stream_00023.tif",20912,""
"BLOCK_021","stream",24,5889,6144,256,7200,"SOURCE_1","core/BLOCK_021/index/stream_stripes/stream_00024.tif",20248,""
"BLOCK_021","stream",25,6145,6400,256,7200,"SOURCE_1","core/BLOCK_021/index/stream_stripes/stream_00025.tif",16764,""
"BLOCK_021","stream",26,6401,6656,256,7200,"SOURCE_1","core/BLOCK_021/index/stream_stripes/stream_00026.tif",18478,""
"BLOCK_021","stream",27,6657,6912,256,7200,"SOURCE_1","core/BLOCK_021/index/stream_stripes/stream_00027.tif",19800,""
"BLOCK_021","stream",28,6913,7168,256,7200,"SOURCE_1","core/BLOCK_021/index/stream_stripes/stream_00028.tif",15726,""
"BLOCK_021","stream",29,7169,7200,32,7200,"SOURCE_1","core/BLOCK_021/index/stream_stripes/stream_00029.tif",5020,""
